Date,High,Low,Open,Close,adjust,Volume
2012-01-03,3.5,3.5,3.5,3.5,2.75,520
2012-01-04,3.5,3.5,3.5,3.5,2.75,1000
2012-01-05,3.5,3.4,3.5,3.4,2.67,21300
2012-01-06,3.5,3.3,3.3,3.5,2.75,13530
2012-01-09,3.6,3.4,3.4,3.6,2.83,14300
2012-01-10,3.7,3.6,3.6,3.7,2.91,18420
2012-01-11,3.8,3.7,3.8,3.8,2.99,28800
2012-01-12,3.8,3.7,3.8,3.8,2.99,3710
2012-01-13,3.8,3.7,3.7,3.8,2.99,29040
2012-01-16,3.9,3.7,3.7,3.9,3.07,31270
2012-01-17,3.9,3.8,3.8,3.9,3.07,8320
2012-01-18,3.9,3.9,3.9,3.9,3.07,510
2012-01-19,4.0,3.9,4.0,4.0,3.14,24900
2012-01-20,4.2,3.9,4.1,4.1,3.22,6110
2012-01-30,4.2,4.0,4.0,4.2,3.3,5250
2012-01-31,4.4,4.2,4.2,4.4,3.46,26670
2012-02-01,4.5,4.2,4.4,4.5,3.54,32710
2012-02-02,4.7,4.4,4.5,4.7,3.69,21620
2012-02-03,4.8,4.5,4.7,4.5,3.54,21220
2012-02-06,4.5,4.3,4.3,4.5,3.54,10010
2012-02-07,4.5,4.5,4.5,4.5,3.54,9010
2012-02-08,4.5,4.4,4.5,4.5,3.54,21310
2012-02-09,4.5,4.4,4.4,4.5,3.54,38740
2012-02-10,4.3,4.3,4.3,4.3,3.38,13600
2012-02-13,4.2,4.1,4.1,4.2,3.3,9270
2012-02-14,4.2,4.0,4.1,4.2,3.3,15190
2012-02-15,4.2,4.2,4.2,4.2,3.3,20
2012-02-16,4.2,4.0,4.0,4.2,3.3,2040
2012-02-17,4.1,4.0,4.0,4.1,3.22,2050
2012-02-20,4.2,4.1,4.1,4.2,3.3,46590
2012-02-21,4.3,4.0,4.3,4.2,3.3,23470
2012-02-22,4.3,4.1,4.2,4.3,3.38,4090
2012-02-23,4.5,4.3,4.3,4.5,3.54,17550
2012-02-24,4.6,4.3,4.4,4.5,3.54,41970
2012-02-27,4.7,4.3,4.3,4.7,3.69,71910
2012-02-28,4.8,4.5,4.8,4.7,3.69,43800
2012-02-29,4.7,4.6,4.6,4.7,3.69,6120
2012-03-01,4.7,4.6,4.7,4.7,3.69,11510
2012-03-02,4.7,4.5,4.6,4.7,3.69,64310
2012-03-05,4.9,4.9,4.9,4.9,3.85,22890
2012-03-06,5.1,4.8,5.1,5.0,3.93,92080
2012-03-07,5.0,4.8,4.8,5.0,3.93,13230
2012-03-08,4.9,4.8,4.9,4.8,3.77,22070
2012-03-09,4.8,4.6,4.6,4.8,3.77,40760
2012-03-12,4.7,4.6,4.7,4.7,3.69,35850
2012-03-13,4.9,4.5,4.6,4.9,3.85,44810
2012-03-14,5.0,4.7,4.7,5.0,3.93,28320
2012-03-15,5.2,4.8,4.8,5.2,4.09,42600
2012-03-16,5.2,5.0,5.2,5.1,4.01,30800
2012-03-19,5.1,4.9,4.9,5.1,4.01,35510
2012-03-20,5.1,4.9,4.9,5.1,4.01,28060
2012-03-21,5.2,5.0,5.1,5.2,4.09,58200
2012-03-22,5.2,5.0,5.0,5.1,4.01,53890
2012-03-23,5.2,4.9,4.9,5.2,4.09,54740
2012-03-26,5.4,5.2,5.3,5.4,4.24,83110
2012-03-27,5.6,5.4,5.6,5.4,4.24,126450
2012-03-28,5.5,5.2,5.3,5.5,4.32,22230
2012-03-29,5.6,5.3,5.4,5.6,4.4,65370
2012-03-30,5.5,5.4,5.4,5.4,4.24,41450
2012-04-03,5.4,5.2,5.2,5.4,4.24,42750
2012-04-04,5.2,5.2,5.2,5.2,4.09,23750
2012-04-05,5.1,5.0,5.0,5.1,4.01,24370
2012-04-06,5.2,4.9,5.2,5.2,4.09,36450
2012-04-09,5.2,5.0,5.0,5.1,4.01,31110
2012-04-10,5.1,5.0,5.1,5.1,4.01,42370
2012-04-11,5.3,5.0,5.2,5.3,4.17,59530
2012-04-12,5.4,5.3,5.3,5.4,4.24,67050
2012-04-13,5.4,5.3,5.4,5.4,4.24,27750
2012-04-16,5.4,5.3,5.3,5.3,4.17,104000
2012-04-17,5.5,5.3,5.4,5.5,4.32,187480
2012-04-18,5.7,5.6,5.7,5.7,4.48,66360
2012-04-19,5.9,5.8,5.9,5.9,4.64,125420
2012-04-20,6.0,5.7,5.8,6.0,4.72,81860
2012-04-23,5.8,5.7,5.7,5.7,4.48,64510
2012-04-24,5.8,5.5,5.5,5.8,4.56,93880
2012-04-25,6.0,5.7,5.8,5.9,4.64,95330
2012-04-26,6.1,5.8,5.9,6.1,4.79,122450
2012-04-27,6.3,6.0,6.2,6.3,4.95,68530
2012-05-02,6.3,6.0,6.0,6.0,4.72,56510
2012-05-03,6.0,5.7,6.0,6.0,4.72,36280
2012-05-04,6.1,5.9,6.0,6.1,4.79,224820
2012-05-07,6.4,6.3,6.3,6.4,5.03,39880
2012-05-08,6.7,6.5,6.7,6.7,5.27,260420
2012-05-09,7.0,6.7,6.8,7.0,5.5,134190
2012-05-10,7.3,7.1,7.3,7.3,5.74,291260
2012-05-11,7.3,7.0,7.1,7.3,5.74,115980
2012-05-14,7.1,7.0,7.1,7.0,5.5,29040
2012-05-15,6.7,6.7,6.7,6.7,5.27,1310
2012-05-16,6.4,6.4,6.4,6.4,5.03,47040
2012-05-17,6.5,6.1,6.1,6.1,4.79,198590
2012-05-18,6.1,5.8,5.8,5.8,4.56,55850
2012-05-21,6.0,5.8,5.8,6.0,4.72,19550
2012-05-22,6.3,5.9,6.0,6.3,4.95,31760
2012-05-23,6.2,6.0,6.2,6.1,4.79,5280
2012-05-24,5.9,5.8,5.9,5.8,4.56,11100
2012-05-25,6.0,5.8,5.8,6.0,4.72,32770
2012-05-28,6.2,6.1,6.1,6.2,4.87,16710
2012-05-29,6.2,5.9,5.9,6.1,4.79,16550
2012-05-30,6.2,6.1,6.1,6.1,4.79,10380
2012-05-31,6.1,5.8,6.0,6.1,4.79,24800
2012-06-01,6.0,5.8,6.0,5.8,4.56,24000
2012-06-04,5.8,5.6,5.8,5.8,4.56,25380
2012-06-05,6.0,5.6,6.0,5.9,4.64,1070
2012-06-06,6.0,5.8,6.0,6.0,4.72,6090
2012-06-07,6.3,6.0,6.0,6.3,4.95,24040
2012-06-08,6.4,6.0,6.4,6.0,4.72,32570
2012-06-11,6.1,6.0,6.0,6.1,4.79,1580
2012-06-12,6.1,5.9,6.0,6.1,4.79,5000
2012-06-13,6.1,5.8,5.8,6.1,4.79,25120
2012-06-14,6.0,5.8,5.9,6.0,4.72,22160
2012-06-15,6.0,5.8,5.8,6.0,4.72,13460
2012-06-18,6.0,5.8,5.9,6.0,4.72,12250
2012-06-19,6.0,5.7,5.9,5.7,4.48,30330
2012-06-20,5.9,5.7,5.7,5.9,4.64,300
2012-06-21,5.9,5.8,5.9,5.8,4.56,14080
2012-06-22,5.8,5.7,5.8,5.8,4.56,15260
2012-06-25,5.7,5.6,5.7,5.6,4.4,31880
2012-06-26,5.8,5.4,5.5,5.8,4.56,11950
2012-06-27,5.9,5.6,5.8,5.8,4.56,5440
2012-06-28,5.9,5.6,5.6,5.9,4.64,36100
2012-06-29,5.7,5.7,5.7,5.7,4.48,22320
2012-07-02,5.7,5.5,5.5,5.7,4.48,9800
2012-07-03,5.7,5.5,5.7,5.5,4.32,530
2012-07-04,5.3,5.3,5.3,5.3,4.17,13800
2012-07-05,5.5,5.1,5.1,5.5,4.32,35720
2012-07-06,5.6,5.3,5.3,5.6,4.4,61830
2012-07-09,5.6,5.4,5.4,5.6,4.4,9210
2012-07-10,5.6,5.4,5.4,5.4,4.24,6180
2012-07-11,5.5,5.3,5.5,5.4,4.24,1620
2012-07-12,5.6,5.2,5.2,5.6,4.4,23020
2012-07-13,5.7,5.4,5.4,5.7,4.48,68560
2012-07-16,5.8,5.5,5.5,5.8,4.56,29320
2012-07-17,6.0,5.7,5.7,5.9,4.64,53930
2012-07-18,5.8,5.7,5.7,5.7,4.48,23020
2012-07-19,5.8,5.5,5.6,5.8,4.56,34510
2012-07-20,5.9,5.8,5.8,5.8,4.56,35230
2012-07-23,5.8,5.6,5.7,5.8,4.56,18880
2012-07-24,5.8,5.6,5.6,5.6,4.4,14360
2012-07-25,5.6,5.4,5.5,5.4,4.24,3680
2012-07-26,5.5,5.3,5.3,5.5,4.32,21320
2012-07-27,5.6,5.5,5.5,5.6,4.4,12020
2012-07-30,5.6,5.6,5.6,5.6,4.4,2180
2012-07-31,5.6,5.5,5.5,5.6,4.4,14120
2012-08-01,5.7,5.5,5.5,5.7,4.48,29080
2012-08-02,5.8,5.5,5.5,5.8,4.56,40420
2012-08-03,5.8,5.6,5.6,5.8,4.56,25500
2012-08-06,6.0,5.7,5.7,6.0,4.72,47960
2012-08-07,6.1,5.7,6.0,6.1,4.79,55840
2012-08-08,6.1,5.8,6.0,6.1,4.79,69050
2012-08-09,6.2,5.9,6.1,6.2,4.87,38510
2012-08-10,6.3,5.9,6.1,6.3,4.95,39480
2012-08-13,6.3,6.0,6.3,6.0,4.72,13660
2012-08-14,6.0,5.7,6.0,5.7,4.48,21760
2012-08-15,5.7,5.7,5.7,5.7,4.48,5000
2012-08-16,5.8,5.7,5.8,5.8,4.56,7210
2012-08-17,5.9,5.7,5.9,5.9,4.64,26660
2012-08-20,5.9,5.7,5.9,5.9,4.64,39510
2012-08-21,5.8,5.7,5.8,5.7,4.48,16130
2012-08-22,5.6,5.5,5.6,5.6,4.4,18170
2012-08-23,5.4,5.4,5.4,5.4,4.24,5620
2012-08-24,5.6,5.2,5.2,5.6,4.4,20940
2012-08-27,5.6,5.4,5.4,5.5,4.32,7030
2012-08-28,5.5,5.3,5.3,5.5,4.32,16510
2012-08-29,5.6,5.5,5.5,5.6,4.4,16630
2012-08-30,5.6,5.5,5.6,5.5,4.32,7320
2012-08-31,5.7,5.4,5.4,5.7,4.48,16960
2012-09-04,5.7,5.7,5.7,5.7,4.48,9100
2012-09-05,5.8,5.6,5.6,5.8,4.56,26010
2012-09-06,5.8,5.7,5.8,5.7,4.48,14560
2012-09-07,5.8,5.6,5.7,5.8,4.56,18800
2012-09-10,5.8,5.6,5.6,5.8,4.56,13120
2012-09-11,5.8,5.6,5.7,5.8,4.56,16500
2012-09-12,5.9,5.6,5.7,5.9,4.64,27610
2012-09-13,5.8,5.7,5.7,5.8,4.56,25080
2012-09-14,5.7,5.6,5.7,5.6,4.4,9500
2012-09-17,5.5,5.4,5.4,5.5,4.32,33010
2012-09-18,5.3,5.3,5.3,5.3,4.17,71110
2012-09-19,5.4,5.1,5.1,5.1,4.01,85410
2012-09-20,4.9,4.9,4.9,4.9,3.85,26010
2012-09-21,5.0,4.7,4.7,5.0,3.93,18900
2012-09-24,4.9,4.8,4.8,4.9,3.85,76010
2012-09-25,4.9,4.7,4.8,4.7,3.69,141670
2012-09-26,4.7,4.6,4.6,4.7,3.69,6670
2012-09-27,4.8,4.6,4.6,4.8,3.77,5400
2012-09-28,4.8,4.6,4.6,4.8,3.77,5010
2012-10-01,4.7,4.6,4.7,4.6,3.62,3620
2012-10-02,4.7,4.6,4.6,4.7,3.69,8350
2012-10-03,4.7,4.7,4.7,4.7,3.69,2190
2012-10-04,4.9,4.7,4.7,4.9,3.85,5240
2012-10-05,4.9,4.7,4.8,4.7,3.69,7650
2012-10-08,4.7,4.7,4.7,4.7,3.69,630
2012-10-09,4.8,4.7,4.7,4.8,3.77,5310
2012-10-10,4.9,4.7,4.8,4.9,3.85,10210
2012-10-11,4.9,4.7,4.8,4.7,3.69,39480
2012-10-12,4.7,4.7,4.7,4.7,3.69,1700
2012-10-15,4.7,4.6,4.7,4.6,3.62,1000
2012-10-16,4.7,4.6,4.6,4.7,3.69,11570
2012-10-17,4.7,4.5,4.7,4.6,3.62,6400
2012-10-18,4.7,4.6,4.6,4.7,3.69,1510
2012-10-19,4.7,4.6,4.7,4.7,3.69,6460
2012-10-22,4.6,4.5,4.5,4.5,3.54,8630
2012-10-23,4.6,4.5,4.5,4.6,3.62,10500
2012-10-24,4.6,4.6,4.6,4.6,3.62,9240
2012-10-25,4.7,4.4,4.6,4.7,3.69,16200
2012-10-26,4.8,4.6,4.6,4.8,3.77,16210
2012-10-29,4.7,4.6,4.6,4.6,3.62,15890
2012-10-30,4.7,4.5,4.7,4.5,3.54,5210
2012-10-31,4.5,4.4,4.5,4.4,3.46,2100
2012-11-01,4.5,4.4,4.4,4.5,3.54,3200
2012-11-02,4.5,4.3,4.5,4.3,3.38,7750
2012-11-05,4.3,4.2,4.2,4.3,3.38,3110
2012-11-06,4.3,4.1,4.3,4.1,3.22,13150
2012-11-07,4.3,4.3,4.3,4.3,3.38,11400
2012-11-08,4.5,4.3,4.4,4.4,3.46,33830
2012-11-09,4.4,4.4,4.4,4.4,3.46,9790
2012-11-12,4.5,4.3,4.3,4.4,3.46,12680
2012-11-13,4.5,4.4,4.4,4.5,3.54,11900
2012-11-14,4.6,4.5,4.5,4.6,3.62,10110
2012-11-15,4.5,4.4,4.4,4.5,3.54,74200
2012-11-16,4.5,4.3,4.3,4.3,3.38,23320
2012-11-19,4.1,4.1,4.1,4.1,3.22,7620
2012-11-20,4.2,4.0,4.2,4.2,3.3,8590
2012-11-21,4.1,4.1,4.1,4.1,3.22,15250
2012-11-22,4.2,4.0,4.0,4.2,3.3,2560
2012-11-23,4.3,4.1,4.2,4.1,3.22,8140
2012-11-26,4.1,4.0,4.1,4.1,3.22,4510
2012-11-27,4.1,3.9,4.0,4.0,3.14,19130
2012-11-28,4.1,3.9,3.9,4.1,3.22,18510
2012-11-29,4.2,3.9,4.0,4.2,3.3,21040
2012-11-30,4.4,4.3,4.4,4.4,3.46,87540
2012-12-03,4.5,4.3,4.5,4.5,3.54,23430
2012-12-04,4.5,4.4,4.5,4.5,3.54,24400
2012-12-05,4.5,4.4,4.4,4.4,3.46,24790
2012-12-06,4.4,4.2,4.3,4.4,3.46,31210
2012-12-07,4.5,4.3,4.3,4.3,3.38,22900
2012-12-10,4.5,4.3,4.4,4.5,3.54,20340
2012-12-11,4.5,4.3,4.5,4.4,3.46,37470
2012-12-12,3.9,3.7,3.8,3.9,3.6,33300
2012-12-13,3.9,3.8,3.9,3.8,3.5,20730
2012-12-14,3.8,3.7,3.8,3.8,3.5,17460
2012-12-17,3.9,3.7,3.8,3.9,3.6,22530
2012-12-18,3.9,3.8,3.9,3.8,3.5,26300
2012-12-19,3.9,3.8,3.8,3.9,3.6,40270
2012-12-20,3.9,3.8,3.8,3.9,3.6,25100
2012-12-21,4.0,3.8,3.8,4.0,3.69,24160
2012-12-24,3.8,3.8,3.8,3.8,3.5,18010
2012-12-25,3.9,3.7,3.8,3.8,3.5,83130
2012-12-26,3.9,3.7,3.7,3.9,3.6,14520
2012-12-27,3.9,3.8,3.8,3.9,3.6,13600
2012-12-28,3.9,3.8,3.8,3.9,3.6,46480
2013-01-02,4.0,3.9,3.9,4.0,3.69,101760
2013-01-03,4.1,3.9,4.0,4.1,3.78,23890
2013-01-04,4.2,3.9,4.1,4.1,3.78,52680
2013-01-07,4.2,4.0,4.1,4.0,3.69,50760
2013-01-08,4.0,3.8,4.0,4.0,3.69,35120
2013-01-09,4.0,3.8,4.0,3.8,3.5,57560
2013-01-10,3.9,3.7,3.8,3.9,3.6,28980
2013-01-11,4.0,3.8,3.9,3.9,3.6,44030
2013-01-14,3.9,3.8,3.9,3.9,3.6,29040
2013-01-15,4.0,3.8,3.9,3.9,3.6,48870
2013-01-16,4.1,4.0,4.0,4.1,3.78,102170
2013-01-17,4.2,4.0,4.1,4.0,3.69,63940
2013-01-18,4.0,3.9,4.0,4.0,3.69,68700
2013-01-21,4.0,3.9,4.0,3.9,3.6,33830
2013-01-22,3.9,3.7,3.9,3.7,3.41,60080
2013-01-23,3.8,3.6,3.7,3.7,3.41,40690
2013-01-24,3.8,3.6,3.6,3.7,3.41,33260
2013-01-25,3.9,3.6,3.7,3.9,3.6,24820
2013-01-28,3.9,3.7,3.8,3.9,3.6,21610
2013-01-29,4.0,3.7,3.8,4.0,3.69,47190
2013-01-30,4.0,3.9,3.9,3.9,3.6,51370
2013-01-31,3.9,3.8,3.9,3.8,3.5,41520
2013-02-01,3.9,3.8,3.8,3.8,3.5,10450
2013-02-04,3.9,3.8,3.8,3.8,3.5,43240
2013-02-05,3.9,3.8,3.8,3.8,3.5,21290
2013-02-06,3.9,3.8,3.8,3.9,3.6,14570
2013-02-07,3.9,3.8,3.8,3.9,3.6,16820
2013-02-08,3.9,3.8,3.8,3.9,3.6,10560
2013-02-18,4.0,3.8,3.9,3.9,3.6,22560
2013-02-19,4.1,4.0,4.0,4.0,3.69,87920
2013-02-20,4.1,3.9,4.0,4.1,3.78,25550
2013-02-21,4.1,4.0,4.0,4.1,3.78,104710
2013-02-22,4.1,3.9,4.1,3.9,3.6,38160
2013-02-25,4.0,3.9,4.0,4.0,3.69,4150
2013-02-26,4.0,3.8,4.0,3.8,3.5,26240
2013-02-27,3.8,3.6,3.7,3.8,3.5,15160
2013-02-28,3.9,3.7,3.9,3.9,3.6,7390
2013-03-01,3.9,3.8,3.8,3.8,3.5,14150
2013-03-04,3.9,3.6,3.8,3.6,3.32,11630
2013-03-05,3.7,3.5,3.6,3.5,3.23,6610
2013-03-06,3.7,3.6,3.6,3.7,3.41,17660
2013-03-07,3.6,3.5,3.6,3.6,3.32,38910
2013-03-08,3.7,3.5,3.6,3.6,3.32,27230
2013-03-11,3.7,3.5,3.5,3.6,3.32,5470
2013-03-12,3.6,3.5,3.6,3.5,3.23,34720
2013-03-13,3.6,3.5,3.5,3.5,3.23,13620
2013-03-14,3.6,3.5,3.5,3.6,3.32,27350
2013-03-15,3.6,3.5,3.5,3.5,3.23,20640
2013-03-18,3.6,3.4,3.6,3.4,3.14,11320
2013-03-19,3.5,3.4,3.5,3.5,3.23,18790
2013-03-20,3.6,3.4,3.4,3.6,3.32,16140
2013-03-21,3.6,3.5,3.5,3.6,3.32,40540
2013-03-22,3.5,3.4,3.5,3.4,3.14,3130
2013-03-25,3.5,3.5,3.5,3.5,3.23,4270
2013-03-26,3.5,3.5,3.5,3.5,3.23,2500
2013-03-27,3.5,3.4,3.5,3.5,3.23,13520
2013-03-28,3.5,3.4,3.5,3.5,3.23,41520
2013-03-29,3.5,3.4,3.5,3.5,3.23,16560
2013-04-01,3.5,3.5,3.5,3.5,3.23,600
2013-04-02,3.5,3.4,3.5,3.5,3.23,34500
2013-04-03,3.5,3.4,3.4,3.5,3.23,21800
2013-04-04,3.5,3.4,3.4,3.5,3.23,5740
2013-04-05,3.5,3.4,3.5,3.5,3.23,28960
2013-04-08,3.5,3.5,3.5,3.5,3.23,2110
2013-04-09,3.5,3.4,3.5,3.5,3.23,4200
2013-04-10,3.5,3.4,3.4,3.4,3.14,6790
2013-04-11,3.4,3.4,3.4,3.4,3.14,18800
2013-04-12,3.4,3.3,3.3,3.3,3.04,11830
2013-04-15,3.3,3.2,3.3,3.2,2.95,10710
2013-04-16,3.3,3.1,3.2,3.2,2.95,7250
2013-04-17,3.2,3.2,3.2,3.2,2.95,1170
2013-04-18,3.2,3.1,3.2,3.1,2.86,3220
2013-04-22,3.1,3.0,3.1,3.0,2.77,51840
2013-04-23,3.1,3.0,3.1,3.1,2.86,57700
2013-04-24,3.1,3.0,3.0,3.1,2.86,4350
2013-04-25,3.1,3.0,3.1,3.0,2.77,10720
2013-04-26,3.1,3.0,3.0,3.1,2.86,1380
2013-05-02,3.1,3.0,3.0,3.1,2.86,6780
2013-05-03,3.1,2.9,2.9,3.1,2.86,18130
2013-05-06,3.1,3.1,3.1,3.1,2.86,4350
2013-05-07,3.1,3.0,3.1,3.1,2.86,3240
2013-05-08,3.1,3.0,3.1,3.0,2.77,2010
2013-05-09,3.1,3.0,3.0,3.1,2.86,2310
2013-05-10,3.0,2.9,3.0,3.0,2.77,46960
2013-05-13,3.0,2.9,2.9,3.0,2.77,4220
2013-05-14,2.9,2.8,2.9,2.8,2.58,86520
2013-05-15,2.9,2.8,2.8,2.9,2.67,2450
2013-05-16,2.9,2.7,2.9,2.7,2.49,11810
2013-05-17,2.8,2.6,2.7,2.8,2.58,5790
2013-05-20,2.8,2.8,2.8,2.8,2.58,6660
2013-05-21,2.9,2.8,2.8,2.9,2.67,8480
2013-05-22,2.9,2.8,2.9,2.8,2.58,6220
2013-05-23,2.8,2.8,2.8,2.8,2.58,13070
2013-05-24,2.8,2.7,2.8,2.8,2.58,530
2013-05-27,2.8,2.7,2.7,2.7,2.49,97450
2013-05-28,2.8,2.7,2.8,2.8,2.58,21070
2013-05-29,2.8,2.7,2.7,2.8,2.58,11180
2013-05-30,2.8,2.7,2.8,2.7,2.49,10040
2013-05-31,2.8,2.8,2.8,2.8,2.58,30170
2013-06-03,2.9,2.9,2.9,2.9,2.67,57490
2013-06-04,3.1,3.1,3.1,3.1,2.86,9780
2013-06-05,3.3,3.3,3.3,3.3,3.04,160840
2013-06-06,3.5,3.3,3.4,3.5,3.23,104000
2013-06-07,3.7,3.5,3.5,3.7,3.41,63400
2013-06-10,3.8,3.5,3.5,3.7,3.41,93180
2013-06-11,3.7,3.6,3.7,3.6,3.32,31950
2013-06-12,3.6,3.4,3.6,3.4,3.14,49770
2013-06-13,3.5,3.3,3.3,3.5,3.23,21610
2013-06-14,3.5,3.3,3.5,3.5,3.23,15260
2013-06-17,3.5,3.3,3.5,3.3,3.04,28340
2013-06-18,3.2,3.1,3.2,3.2,2.95,15630
2013-06-19,3.3,3.2,3.2,3.2,2.95,27010
2013-06-20,3.3,3.2,3.3,3.3,3.04,15450
2013-06-21,3.3,3.1,3.2,3.1,2.86,33640
2013-06-24,3.1,2.9,3.1,3.1,2.86,37720
2013-06-25,3.0,3.0,3.0,3.0,2.77,9030
2013-06-26,3.1,3.0,3.0,3.1,2.86,2730
2013-06-27,3.1,3.0,3.1,3.1,2.86,11600
2013-06-28,3.1,3.0,3.0,3.0,2.77,4810
2013-07-01,3.1,3.0,3.0,3.0,2.77,14190
2013-07-02,3.1,3.0,3.1,3.0,2.77,2290
2013-07-03,3.0,3.0,3.0,3.0,2.77,9870
2013-07-04,3.0,3.0,3.0,3.0,2.77,3420
2013-07-05,3.1,3.0,3.0,3.0,2.77,8950
2013-07-08,3.0,3.0,3.0,3.0,2.77,6200
2013-07-09,3.1,3.1,3.1,3.1,2.86,1060
2013-07-10,2.9,2.9,2.9,2.9,2.67,3180
2013-07-11,2.7,2.7,2.7,2.7,2.49,29190
2013-07-12,2.8,2.6,2.6,2.7,2.49,103840
2013-07-15,2.7,2.7,2.7,2.7,2.49,1440
2013-07-16,2.7,2.6,2.7,2.6,2.4,5720
2013-07-17,2.7,2.6,2.6,2.6,2.4,10520
2013-07-18,2.6,2.6,2.6,2.6,2.4,14790
2013-07-19,2.7,2.6,2.6,2.7,2.49,4430
2013-07-22,2.6,2.6,2.6,2.6,2.4,13930
2013-07-23,2.7,2.5,2.5,2.7,2.49,36020
2013-07-24,2.6,2.6,2.6,2.6,2.4,27880
2013-07-25,2.6,2.5,2.5,2.5,2.31,25200
2013-07-26,2.6,2.5,2.5,2.5,2.31,9070
2013-07-29,2.5,2.4,2.5,2.5,2.31,7030
2013-07-30,2.5,2.5,2.5,2.5,2.31,730
2013-07-31,2.5,2.5,2.5,2.5,2.31,1080
2013-08-01,2.6,2.4,2.5,2.5,2.31,1100
2013-08-02,2.6,2.6,2.6,2.6,2.4,39030
2013-08-05,2.7,2.7,2.7,2.7,2.49,34640
2013-08-06,2.8,2.8,2.8,2.8,2.58,40230
2013-08-07,2.9,2.9,2.9,2.9,2.67,34430
2013-08-08,3.1,2.7,3.0,2.7,2.49,150290
2013-08-09,2.8,2.8,2.8,2.8,2.58,9620
2013-08-12,2.9,2.9,2.9,2.9,2.67,17580
2013-08-13,3.0,2.9,2.9,3.0,2.77,32400
2013-08-14,3.0,2.9,2.9,3.0,2.77,26350
2013-08-15,3.1,3.0,3.1,3.0,2.77,7400
2013-08-16,3.2,3.0,3.0,3.1,2.86,12760
2013-08-19,3.1,3.0,3.1,3.1,2.86,7310
2013-08-20,3.1,3.0,3.0,3.0,2.77,19740
2013-08-21,3.0,2.9,3.0,3.0,2.77,9270
2013-08-22,3.0,3.0,3.0,3.0,2.77,250
2013-08-23,3.1,2.9,2.9,3.1,2.86,11800
2013-08-26,3.1,2.9,3.0,3.1,2.86,14020
2013-08-27,3.0,3.0,3.0,3.0,2.77,1000
2013-08-28,3.0,2.8,2.9,3.0,2.77,2320
2013-08-29,3.0,2.9,2.9,2.9,2.67,13080
2013-08-30,2.9,2.9,2.9,2.9,2.67,200
2013-09-03,2.9,2.7,2.7,2.9,2.67,100
2013-09-04,2.9,2.8,2.8,2.8,2.58,14900
2013-09-05,2.9,2.8,2.8,2.8,2.58,4230
2013-09-06,2.9,2.8,2.8,2.9,2.67,1020
2013-09-09,2.9,2.9,2.9,2.9,2.67,0
2013-09-10,2.8,2.8,2.8,2.8,2.58,86460
2013-09-11,2.9,2.9,2.9,2.9,2.67,11330
2013-09-12,2.9,2.8,2.8,2.9,2.67,1020
2013-09-13,2.8,2.7,2.7,2.8,2.58,2060
2013-09-16,2.8,2.8,2.8,2.8,2.58,0
2013-09-17,2.8,2.7,2.8,2.8,2.58,2740
2013-09-18,2.8,2.8,2.8,2.8,2.58,2870
2013-09-19,2.9,2.8,2.8,2.8,2.58,3800
2013-09-20,2.8,2.7,2.8,2.8,2.58,15380
2013-09-23,2.9,2.9,2.9,2.9,2.67,1010
2013-09-24,2.9,2.9,2.9,2.9,2.67,0
2013-09-25,2.9,2.9,2.9,2.9,2.67,720
2013-09-26,3.0,2.8,2.9,2.8,2.58,6450
2013-09-27,2.9,2.8,2.9,2.9,2.67,1590
2013-09-30,3.0,2.9,3.0,3.0,2.77,7010
2013-10-01,3.0,2.9,2.9,3.0,2.77,1530
2013-10-02,3.0,2.9,2.9,3.0,2.77,4190
2013-10-03,3.0,2.8,2.9,3.0,2.77,23100
2013-10-04,3.0,2.8,2.9,3.0,2.77,8610
2013-10-07,3.0,2.9,2.9,3.0,2.77,3130
2013-10-08,3.0,2.9,2.9,3.0,2.77,1280
2013-10-09,3.0,2.9,2.9,3.0,2.77,5990
2013-10-10,2.8,2.8,2.8,2.8,2.58,500
2013-10-11,2.9,2.8,2.8,2.9,2.67,9700
2013-10-14,3.0,2.9,3.0,3.0,2.77,190
2013-10-15,3.1,2.9,2.9,3.1,2.86,10310
2013-10-16,3.2,3.0,3.0,3.2,2.95,24730
2013-10-17,3.2,3.1,3.1,3.2,2.95,15660
2013-10-18,3.2,3.0,3.0,3.2,2.95,12270
2013-10-21,3.3,3.1,3.1,3.3,3.04,15950
2013-10-22,3.2,3.1,3.2,3.1,2.86,13390
2013-10-23,3.3,3.1,3.1,3.3,3.04,51560
2013-10-24,3.4,3.2,3.3,3.2,2.95,14380
2013-10-25,3.2,3.1,3.2,3.1,2.86,24400
2013-10-28,3.2,3.0,3.1,3.0,2.77,12100
2013-10-29,3.2,3.0,3.0,3.0,2.77,33350
2013-10-30,3.2,3.2,3.2,3.2,2.95,23110
2013-10-31,3.4,3.4,3.4,3.4,3.14,13210
2013-11-01,3.4,3.4,3.4,3.4,3.14,23580
2013-11-04,3.4,3.3,3.4,3.3,3.04,22840
2013-11-05,3.5,3.3,3.3,3.5,3.23,64270
2013-11-06,3.6,3.4,3.6,3.5,3.23,39500
2013-11-07,3.6,3.6,3.6,3.6,3.32,26310
2013-11-08,3.6,3.5,3.5,3.5,3.23,19940
2013-11-11,3.6,3.5,3.6,3.6,3.32,14590
2013-11-12,3.6,3.5,3.6,3.6,3.32,18000
2013-11-13,3.6,3.5,3.6,3.5,3.23,7820
2013-11-14,3.6,3.5,3.5,3.5,3.23,10600
2013-11-15,3.6,3.5,3.6,3.6,3.32,17610
2013-11-18,3.6,3.6,3.6,3.6,3.32,5910
2013-11-19,3.8,3.6,3.6,3.8,3.5,96900
2013-11-20,4.0,3.9,4.0,4.0,3.69,30530
2013-11-21,4.2,4.0,4.1,4.0,3.69,62340
2013-11-22,4.1,3.9,4.0,3.9,3.6,62870
2013-11-25,3.9,3.8,3.9,3.8,3.5,12100
2013-11-26,3.9,3.7,3.9,3.9,3.6,25320
2013-11-27,4.1,3.8,3.8,4.0,3.69,58520
2013-11-28,4.2,3.9,4.1,4.2,3.87,25230
2013-11-29,4.2,4.1,4.2,4.1,3.78,8150
2013-12-02,4.0,4.0,4.0,4.0,3.69,26570
2013-12-03,4.1,4.0,4.0,4.0,3.69,17300
2013-12-04,4.1,4.0,4.0,4.1,3.78,13170
2013-12-05,4.1,3.9,4.0,4.0,3.69,18320
2013-12-06,4.0,3.8,4.0,3.8,3.5,21570
2013-12-09,3.9,3.7,3.8,3.7,3.41,6960
2013-12-10,3.7,3.6,3.7,3.6,3.32,25380
2013-12-11,3.6,3.5,3.6,3.5,3.23,14000
2013-12-12,3.6,3.4,3.5,3.6,3.32,7270
2013-12-13,3.6,3.5,3.5,3.6,3.32,4400
2013-12-16,3.7,3.6,3.6,3.7,3.41,5100
2013-12-17,3.8,3.7,3.7,3.8,3.5,7530
2013-12-18,3.8,3.7,3.7,3.7,3.41,2950
2013-12-19,3.7,3.6,3.7,3.6,3.32,5860
2013-12-20,3.8,3.6,3.7,3.8,3.5,30590
2013-12-23,3.9,3.7,3.8,3.9,3.6,10120
2013-12-24,3.9,3.7,3.7,3.9,3.6,12220
2013-12-25,3.9,3.7,3.7,3.7,3.41,3550
2013-12-26,3.8,3.6,3.8,3.7,3.41,5730
2013-12-27,3.8,3.7,3.8,3.8,3.5,8370
2013-12-30,3.8,3.7,3.8,3.7,3.41,4310
2013-12-31,3.8,3.6,3.6,3.8,3.5,1890
2014-01-02,3.7,3.6,3.7,3.6,3.32,9540
2014-01-03,3.7,3.5,3.5,3.7,3.41,7960
2014-01-06,3.8,3.7,3.7,3.8,3.5,9790
2014-01-07,3.8,3.7,3.8,3.7,3.41,3370
2014-01-08,3.7,3.6,3.7,3.7,3.41,3440
2014-01-09,3.8,3.7,3.7,3.7,3.41,5970
2014-01-10,3.8,3.7,3.7,3.8,3.5,3360
2014-01-13,3.9,3.8,3.8,3.9,3.6,15600
2014-01-14,3.9,3.8,3.9,3.8,3.5,2920
2014-01-15,3.8,3.7,3.7,3.8,3.5,3710
2014-01-16,3.9,3.8,3.9,3.8,3.5,5260
2014-01-17,3.7,3.7,3.7,3.7,3.41,6900
2014-01-20,3.7,3.7,3.7,3.7,3.41,10870
2014-01-21,3.7,3.7,3.7,3.7,3.41,910
2014-01-22,3.7,3.6,3.7,3.7,3.41,21210
2014-01-23,3.8,3.7,3.7,3.8,3.5,2010
2014-01-24,3.8,3.7,3.8,3.8,3.5,5460
2014-01-27,3.8,3.7,3.7,3.8,3.5,5250
2014-02-06,3.9,3.6,3.6,3.9,3.6,5510
2014-02-07,3.9,3.8,3.9,3.9,3.6,21910
2014-02-10,4.0,3.8,3.8,4.0,3.69,17610
2014-02-11,3.9,3.9,3.9,3.9,3.6,38720
2014-02-12,4.0,3.8,3.9,4.0,3.69,18650
2014-02-13,4.0,3.8,3.9,4.0,3.69,27110
2014-02-14,4.0,3.9,4.0,4.0,3.69,12620
2014-02-17,4.1,3.9,4.0,4.0,3.69,82180
2014-02-18,4.2,4.0,4.1,4.2,3.87,54560
2014-02-19,4.4,4.2,4.3,4.4,4.06,25900
2014-02-20,4.5,4.1,4.4,4.1,3.78,46560
2014-02-21,4.2,4.1,4.1,4.1,3.78,17850
2014-02-24,4.3,4.1,4.2,4.3,3.97,44830
2014-02-25,4.6,4.4,4.5,4.6,4.24,99340
2014-02-26,4.9,4.8,4.9,4.9,4.52,147830
2014-02-27,5.2,4.9,5.1,5.0,4.61,156930
2014-02-28,5.2,4.7,4.8,4.7,4.33,49890
2014-03-03,4.8,4.4,4.7,4.4,4.06,53720
2014-03-04,4.5,4.1,4.4,4.5,4.15,33990
2014-03-05,4.8,4.5,4.5,4.8,4.43,20120
2014-03-06,4.9,4.7,4.8,4.8,4.43,36820
2014-03-07,5.0,4.8,4.9,5.0,4.61,66040
2014-03-10,5.3,4.9,4.9,5.3,4.89,56050
2014-03-11,5.3,5.0,5.2,5.2,4.79,67130
2014-03-12,5.2,5.0,5.0,5.1,4.7,25360
2014-03-13,5.1,5.0,5.0,5.0,4.61,18840
2014-03-14,5.1,5.0,5.0,5.1,4.7,64620
2014-03-17,5.4,5.1,5.1,5.4,4.98,128080
2014-03-18,5.7,5.2,5.4,5.7,5.26,162670
2014-03-19,6.0,6.0,6.0,6.0,5.53,124280
2014-03-20,6.4,5.9,6.4,6.3,5.81,150300
2014-03-21,6.4,6.2,6.4,6.3,5.81,25560
2014-03-24,6.6,6.2,6.3,6.5,5.99,62590
2014-03-25,6.5,6.2,6.4,6.2,5.72,69860
2014-03-26,6.4,5.8,6.3,5.8,5.35,75330
2014-03-27,5.8,5.4,5.7,5.8,5.35,61860
2014-03-28,5.9,5.6,5.7,5.8,5.35,35390
2014-03-31,5.9,5.6,5.7,5.8,5.35,45430
2014-04-01,5.9,5.5,5.6,5.5,5.07,53890
2014-04-02,5.6,5.2,5.6,5.2,4.79,29960
2014-04-03,5.5,5.2,5.2,5.5,5.07,6630
2014-04-04,5.5,5.3,5.5,5.5,5.07,8790
2014-04-07,5.5,5.3,5.3,5.5,5.07,8540
2014-04-08,5.5,5.3,5.5,5.3,4.89,9950
2014-04-10,5.3,5.2,5.3,5.3,4.89,9120
2014-04-11,5.4,5.2,5.2,5.3,4.89,6430
2014-04-14,5.4,5.3,5.4,5.4,4.98,1550
2014-04-15,5.4,5.2,5.2,5.2,4.79,2070
2014-04-16,5.2,5.0,5.1,5.2,4.79,15340
2014-04-17,5.3,5.2,5.3,5.3,4.89,3130
2014-04-18,5.1,5.0,5.1,5.0,4.61,3220
2014-04-21,5.1,4.7,4.7,5.1,4.7,17460
2014-04-22,5.2,4.8,4.8,5.2,4.79,1790
2014-04-23,5.2,4.9,4.9,5.1,4.7,3070
2014-04-24,5.1,4.9,4.9,5.1,4.7,7830
2014-04-25,5.1,4.9,4.9,5.1,4.7,520
2014-04-28,5.2,4.9,5.2,5.1,4.7,1320
2014-04-29,5.1,4.8,5.1,4.9,4.52,10050
2014-05-05,4.8,4.6,4.8,4.8,4.43,1070
2014-05-06,5.0,4.5,5.0,4.5,4.15,22110
2014-05-07,4.8,4.3,4.8,4.5,4.15,15550
2014-05-08,4.5,4.2,4.2,4.3,3.97,11870
2014-05-09,4.5,4.3,4.4,4.5,4.15,17430
2014-05-12,4.5,4.2,4.3,4.2,3.87,4220
2014-05-13,4.1,4.0,4.0,4.0,3.69,1250
2014-05-14,4.1,3.8,3.8,4.1,3.78,12410
2014-05-15,4.1,3.9,4.1,4.0,3.69,5310
2014-05-16,4.0,3.8,3.8,4.0,3.69,2380
2014-05-19,4.2,3.8,4.0,4.2,3.87,59970
2014-05-20,4.4,4.2,4.2,4.4,4.06,31340
2014-05-21,4.6,4.4,4.4,4.6,4.24,13270
2014-05-22,4.7,4.3,4.6,4.6,4.24,27330
2014-05-23,4.6,4.3,4.6,4.3,3.97,35670
2014-05-26,4.4,4.0,4.3,4.4,4.06,18450
2014-05-27,4.6,4.3,4.3,4.5,4.15,28250
2014-05-28,4.6,4.4,4.5,4.5,4.15,39490
2014-05-29,4.6,4.5,4.5,4.6,4.24,19590
2014-05-30,4.6,4.4,4.6,4.6,4.24,6770
2014-06-02,4.6,4.3,4.6,4.3,3.97,7200
2014-06-03,4.4,4.1,4.4,4.3,3.97,12800
2014-06-04,4.3,4.1,4.3,4.3,3.97,26560
2014-06-05,4.3,4.1,4.3,4.1,3.78,8980
2014-06-06,4.3,4.2,4.2,4.3,3.97,25560
2014-06-09,4.5,4.3,4.3,4.4,4.06,27260
2014-06-10,4.4,4.3,4.4,4.3,3.97,4850
2014-06-11,4.3,4.2,4.3,4.3,3.97,11850
2014-06-12,4.4,4.2,4.2,4.4,4.06,22090
2014-06-13,4.5,4.4,4.4,4.4,4.06,16060
2014-06-16,4.5,4.3,4.5,4.5,4.15,8200
2014-06-17,4.6,4.4,4.5,4.5,4.15,22980
2014-06-18,4.6,4.4,4.5,4.6,4.24,92330
2014-06-19,4.6,4.4,4.5,4.5,4.15,15360
2014-06-20,4.5,4.3,4.5,4.4,4.06,9680
2014-06-23,4.4,4.2,4.4,4.4,4.06,56870
2014-06-24,4.4,4.2,4.4,4.4,4.06,6820
2014-06-25,4.4,4.2,4.4,4.4,4.06,55670
2014-06-26,4.5,4.2,4.4,4.3,3.97,30430
2014-06-27,4.6,4.4,4.4,4.4,4.06,58040
2014-06-30,4.5,4.4,4.4,4.5,4.15,37680
2014-07-01,4.5,4.4,4.4,4.4,4.06,24450
2014-07-02,4.5,4.4,4.4,4.4,4.06,18120
2014-07-03,4.5,4.4,4.5,4.4,4.06,39040
2014-07-04,4.6,4.4,4.5,4.6,4.24,61600
2014-07-07,4.7,4.6,4.6,4.6,4.24,30990
2014-07-08,4.7,4.5,4.6,4.5,4.15,55160
2014-07-09,4.6,4.5,4.5,4.6,4.24,26220
2014-07-10,4.6,4.5,4.5,4.5,4.15,24670
2014-07-11,4.5,4.4,4.4,4.5,4.15,33880
2014-07-14,4.6,4.4,4.6,4.5,4.15,39130
2014-07-15,4.6,4.5,4.6,4.5,4.15,26540
2014-07-16,4.6,4.4,4.6,4.4,4.06,14630
2014-07-17,4.5,4.3,4.3,4.4,4.06,19410
2014-07-18,4.5,4.4,4.4,4.4,4.06,15310
2014-07-21,4.5,4.4,4.5,4.4,4.06,16850
2014-07-22,4.5,4.4,4.5,4.4,4.06,48010
2014-07-23,4.5,4.4,4.5,4.5,4.15,12450
2014-07-24,4.5,4.4,4.5,4.5,4.15,21040
2014-07-25,4.6,4.4,4.5,4.5,4.15,32780
2014-07-28,4.5,4.4,4.4,4.5,4.15,18060
2014-07-29,4.5,4.4,4.4,4.5,4.15,24730
2014-07-30,4.5,4.3,4.5,4.4,4.06,11080
2014-07-31,4.5,4.4,4.4,4.5,4.15,44350
2014-08-01,4.5,4.4,4.5,4.4,4.06,6260
2014-08-04,4.5,4.3,4.4,4.4,4.06,19820
2014-08-05,4.5,4.4,4.5,4.5,4.15,17970
2014-08-06,4.5,4.4,4.5,4.5,4.15,22500
2014-08-07,4.5,4.4,4.4,4.5,4.15,30
2014-08-08,4.5,4.5,4.5,4.5,4.15,20660
2014-08-11,4.6,4.5,4.5,4.6,4.24,1300
2014-08-12,4.6,4.5,4.6,4.5,4.15,17260
2014-08-13,4.6,4.5,4.5,4.5,4.15,14840
2014-08-14,4.6,4.4,4.5,4.6,4.24,6020
2014-08-15,4.8,4.5,4.6,4.7,4.33,50280
2014-08-18,4.7,4.5,4.7,4.5,4.15,2970
2014-08-19,4.6,4.5,4.5,4.5,4.15,6600
2014-08-20,4.6,4.5,4.5,4.5,4.15,3110
2014-08-21,4.6,4.5,4.5,4.6,4.24,10750
2014-08-22,4.6,4.6,4.6,4.6,4.24,7550
2014-08-25,4.7,4.6,4.6,4.7,4.33,49430
2014-08-26,4.7,4.6,4.6,4.6,4.24,20600
2014-08-27,4.6,4.6,4.6,4.6,4.24,10610
2014-08-28,4.6,4.5,4.6,4.5,4.15,16120
2014-08-29,4.7,4.5,4.5,4.5,4.15,28530
2014-09-03,4.8,4.6,4.6,4.8,4.43,31390
2014-09-04,4.8,4.7,4.8,4.7,4.33,15300
2014-09-05,4.8,4.6,4.7,4.6,4.24,90530
2014-09-08,4.9,4.9,4.9,4.9,4.52,29990
2014-09-09,5.2,5.0,5.1,5.0,4.61,168390
2014-09-10,4.9,4.8,4.9,4.8,4.43,21220
2014-09-11,5.0,4.9,4.9,5.0,4.61,43000
2014-09-12,5.1,4.8,5.0,5.0,4.61,29300
2014-09-15,5.1,4.9,5.1,5.0,4.61,42210
2014-09-16,5.0,4.8,4.8,5.0,4.61,7250
2014-09-17,5.0,4.8,4.9,5.0,4.61,8240
2014-09-18,5.0,4.7,4.8,4.8,4.43,38930
2014-09-19,4.9,4.6,4.6,4.7,4.33,15430
2014-09-22,4.9,4.7,4.7,4.7,4.33,30950
2014-09-23,4.7,4.6,4.6,4.6,4.24,7010
2014-09-24,4.8,4.6,4.7,4.7,4.33,5590
2014-09-25,4.8,4.6,4.8,4.8,4.43,9310
2014-09-26,4.8,4.7,4.7,4.8,4.43,50710
2014-09-29,4.6,4.6,4.6,4.6,4.24,5510
2014-09-30,4.7,4.6,4.6,4.7,4.33,1530
2014-10-01,4.8,4.6,4.6,4.8,4.43,8440
2014-10-02,4.7,4.7,4.7,4.7,4.33,430
2014-10-03,4.9,4.7,4.7,4.9,4.52,30650
2014-10-06,5.0,4.8,4.8,5.0,4.61,27680
2014-10-07,5.0,4.8,4.9,4.9,4.52,8470
2014-10-08,5.0,4.8,5.0,5.0,4.61,9520
2014-10-09,4.8,4.8,4.8,4.8,4.43,12010
2014-10-10,4.9,4.6,4.8,4.9,4.52,21200
2014-10-13,4.9,4.8,4.8,4.9,4.52,3010
2014-10-14,4.9,4.8,4.8,4.8,4.43,10300
2014-10-15,4.9,4.8,4.8,4.9,4.52,3910
2014-10-16,4.8,4.7,4.7,4.8,4.43,1990
2014-10-17,4.8,4.7,4.8,4.7,4.33,7070
2014-10-20,4.7,4.7,4.7,4.7,4.33,7360
2014-10-21,4.6,4.6,4.6,4.6,4.24,500
2014-10-22,4.7,4.6,4.6,4.7,4.33,4100
2014-10-23,4.8,4.7,4.7,4.8,4.43,1010
2014-10-24,4.8,4.6,4.6,4.7,4.33,15900
2014-10-27,4.8,4.5,4.8,4.5,4.15,5010
2014-10-28,4.7,4.5,4.5,4.7,4.33,8180
2014-10-29,4.8,4.8,4.8,4.8,4.43,10
2014-10-30,4.7,4.5,4.5,4.6,4.24,5410
2014-10-31,4.9,4.7,4.7,4.9,4.52,1250
2014-11-03,4.8,4.6,4.6,4.7,4.33,2390
2014-11-04,4.7,4.6,4.6,4.7,4.33,220
2014-11-05,4.7,4.6,4.6,4.7,4.33,5090
2014-11-06,4.7,4.6,4.7,4.6,4.24,9660
2014-11-07,4.8,4.6,4.6,4.8,4.43,2410
2014-11-10,4.7,4.6,4.7,4.6,4.24,26280
2014-11-11,4.7,4.7,4.7,4.7,4.33,20
2014-11-12,4.8,4.7,4.7,4.8,4.43,9230
2014-11-13,4.8,4.7,4.7,4.8,4.43,4400
2014-11-14,4.7,4.6,4.7,4.6,4.24,11200
2014-11-17,4.7,4.6,4.6,4.7,4.33,1500
2014-11-18,4.8,4.5,4.7,4.8,4.43,24580
2014-11-19,4.7,4.6,4.7,4.7,4.33,3770
2014-11-20,4.7,4.7,4.7,4.7,4.33,4990
2014-11-21,4.6,4.5,4.5,4.6,4.24,510
2014-11-24,4.7,4.6,4.7,4.6,4.24,5900
2014-11-25,4.7,4.5,4.7,4.5,4.15,2190
2014-11-26,4.6,4.5,4.6,4.6,4.24,18150
2014-11-27,4.6,4.6,4.6,4.6,4.24,6600
2014-11-28,4.7,4.5,4.5,4.7,4.33,7270
2014-12-01,4.8,4.7,4.8,4.7,4.33,360
2014-12-02,4.9,4.5,4.7,4.9,4.52,23090
2014-12-03,4.9,4.9,4.9,4.9,4.52,500
2014-12-04,4.8,4.7,4.8,4.7,4.33,120
2014-12-05,4.7,4.5,4.7,4.7,4.33,14210
2014-12-08,4.8,4.5,4.8,4.8,4.43,16630
2014-12-09,4.8,4.6,4.6,4.8,4.43,16950
2014-12-10,4.8,4.8,4.8,4.8,4.43,800
2014-12-11,4.6,4.6,4.6,4.6,4.24,380
2014-12-12,4.9,4.5,4.7,4.9,4.52,48300
2014-12-15,4.8,4.6,4.8,4.7,4.33,9810
2014-12-16,4.7,4.6,4.7,4.6,4.24,6650
2014-12-17,4.6,4.5,4.6,4.5,4.15,4610
2014-12-18,4.8,4.6,4.6,4.8,4.43,1110
2014-12-19,4.6,4.5,4.6,4.5,4.15,4730
2014-12-22,4.6,4.3,4.3,4.6,4.24,2420
2014-12-23,4.6,4.6,4.6,4.6,4.24,0
2014-12-24,4.7,4.4,4.6,4.7,4.33,1770
2014-12-25,4.7,4.7,4.7,4.7,4.33,50
2014-12-26,4.7,4.5,4.6,4.7,4.33,20530
2014-12-29,4.7,4.5,4.7,4.6,4.24,4920
2014-12-30,4.6,4.6,4.6,4.6,4.24,1000
2014-12-31,4.9,4.6,4.7,4.9,4.52,7080
2015-01-05,4.9,4.9,4.9,4.9,4.52,0
2015-01-06,4.9,4.6,4.6,4.9,4.52,960
2015-01-07,4.7,4.6,4.6,4.6,4.24,1970
2015-01-08,4.6,4.6,4.6,4.6,4.24,1710
2015-01-09,4.5,4.5,4.5,4.5,4.15,520
2015-01-12,4.6,4.5,4.5,4.5,4.15,5900
2015-01-13,4.7,4.6,4.6,4.7,4.33,710
2015-01-14,4.7,4.4,4.7,4.4,4.06,1020
2015-01-15,4.7,4.6,4.6,4.6,4.24,2260
2015-01-16,4.6,4.5,4.6,4.5,4.15,5180
2015-01-19,4.7,4.5,4.6,4.7,4.33,1320
2015-01-20,4.7,4.6,4.6,4.7,4.33,510
2015-01-21,4.7,4.6,4.6,4.6,4.24,12010
2015-01-22,4.7,4.6,4.7,4.7,4.33,2520
2015-01-23,4.8,4.6,4.7,4.8,4.43,9270
2015-01-26,4.9,4.7,4.7,4.9,4.52,7190
2015-01-27,4.9,4.9,4.9,4.9,4.52,10
2015-01-28,4.9,4.9,4.9,4.9,4.52,0
2015-01-29,4.9,4.9,4.9,4.9,4.52,0
2015-01-30,4.8,4.6,4.8,4.8,4.43,4390
2015-02-02,4.8,4.8,4.8,4.8,4.43,0
2015-02-03,4.8,4.8,4.8,4.8,4.43,0
2015-02-04,4.6,4.5,4.5,4.6,4.24,11210
2015-02-05,4.5,4.5,4.5,4.5,4.15,1880
2015-02-06,4.5,4.5,4.5,4.5,4.15,0
2015-02-09,4.5,4.3,4.5,4.4,4.06,9190
2015-02-10,4.5,4.2,4.2,4.5,4.15,1630
2015-02-11,4.7,4.5,4.5,4.5,4.15,4210
2015-02-12,4.5,4.5,4.5,4.5,4.15,1000
2015-02-13,4.6,4.5,4.5,4.6,4.24,3110
2015-02-24,4.6,4.6,4.6,4.6,4.24,0
2015-02-25,4.6,4.5,4.5,4.6,4.24,2200
2015-02-26,4.7,4.6,4.6,4.6,4.24,1330
2015-02-27,4.7,4.6,4.6,4.6,4.24,29520
2015-03-02,4.7,4.5,4.7,4.5,4.15,110
2015-03-03,4.7,4.5,4.7,4.7,4.33,8530
2015-03-04,4.7,4.6,4.6,4.7,4.33,6000
2015-03-05,4.8,4.6,4.7,4.8,4.43,4010
2015-03-06,4.7,4.5,4.5,4.6,4.24,2480
2015-03-09,4.7,4.6,4.6,4.7,4.33,39010
2015-03-10,4.7,4.5,4.7,4.5,4.15,10100
2015-03-11,4.6,4.6,4.6,4.6,4.24,1110
2015-03-12,4.6,4.5,4.6,4.6,4.24,2300
2015-03-13,4.6,4.6,4.6,4.6,4.24,7170
2015-03-16,4.6,4.6,4.6,4.6,4.24,3000
2015-03-17,4.6,4.5,4.6,4.6,4.24,6000
2015-03-18,4.6,4.6,4.6,4.6,4.24,100
2015-03-19,4.6,4.6,4.6,4.6,4.24,10700
2015-03-20,4.7,4.6,4.6,4.7,4.33,300
2015-03-23,4.7,4.5,4.6,4.7,4.33,810
2015-03-24,4.6,4.5,4.5,4.6,4.24,6000
2015-03-25,4.7,4.4,4.5,4.7,4.33,1820
2015-03-26,4.7,4.5,4.5,4.7,4.33,710
2015-03-27,4.7,4.6,4.6,4.7,4.33,510
2015-03-30,4.6,4.5,4.5,4.6,4.24,9530
2015-03-31,4.5,4.5,4.5,4.5,4.15,3000
2015-04-01,4.5,4.5,4.5,4.5,4.15,15200
2015-04-02,4.7,4.4,4.7,4.5,4.15,25210
2015-04-03,4.6,4.5,4.5,4.6,4.24,5380
2015-04-06,4.5,4.5,4.5,4.5,4.15,2500
2015-04-07,4.8,4.5,4.5,4.8,4.43,11310
2015-04-08,4.8,4.8,4.8,4.8,4.43,0
2015-04-09,4.7,4.6,4.7,4.6,4.24,1920
2015-04-10,4.7,4.5,4.7,4.5,4.15,1010
2015-04-13,4.7,4.5,4.5,4.7,4.33,6710
2015-04-14,4.6,4.6,4.6,4.6,4.24,3400
2015-04-15,4.6,4.5,4.5,4.6,4.24,12750
2015-04-16,4.7,4.6,4.6,4.7,4.33,2100
2015-04-17,4.6,4.5,4.6,4.5,4.15,8300
2015-04-20,4.5,4.5,4.5,4.5,4.15,4890
2015-04-21,4.6,4.6,4.6,4.6,4.24,10
2015-04-22,4.5,4.5,4.5,4.5,4.15,2190
2015-04-23,4.5,4.5,4.5,4.5,4.15,220
2015-04-24,4.5,4.5,4.5,4.5,4.15,3880
2015-04-27,4.6,4.6,4.6,4.6,4.24,20
2015-05-04,4.5,4.5,4.5,4.5,4.15,100
2015-05-05,4.5,4.3,4.4,4.3,3.97,1890
2015-05-06,4.6,4.3,4.6,4.3,3.97,2690
2015-05-07,4.5,4.3,4.3,4.4,4.06,30800
2015-05-08,4.5,4.4,4.4,4.5,4.15,18920
2015-05-11,4.5,4.5,4.5,4.5,4.15,10
2015-05-12,4.4,4.3,4.3,4.4,4.06,20
2015-05-13,4.5,4.4,4.4,4.5,4.15,1010
2015-05-14,4.5,4.4,4.4,4.5,4.15,90
2015-05-15,4.5,4.5,4.5,4.5,4.15,0
2015-05-18,4.2,4.2,4.2,4.2,3.87,10600
2015-05-19,4.3,4.0,4.0,4.3,3.97,3110
2015-05-20,4.6,4.1,4.1,4.6,4.24,2120
2015-05-21,4.6,4.6,4.6,4.6,4.24,0
2015-05-22,4.4,4.3,4.3,4.3,3.97,29810
2015-05-25,4.6,4.2,4.6,4.3,3.97,30
2015-05-26,4.4,4.4,4.4,4.4,4.06,50
2015-05-27,4.4,4.2,4.4,4.4,4.06,5200
2015-05-28,4.5,4.2,4.5,4.5,4.15,440
2015-05-29,4.5,4.3,4.3,4.4,4.06,1060
2015-06-01,4.4,4.1,4.2,4.4,4.06,5010
2015-06-02,4.3,4.2,4.3,4.3,3.97,7740
2015-06-03,4.3,4.2,4.2,4.3,3.97,40
2015-06-04,4.4,4.3,4.3,4.3,3.97,9060
2015-06-05,4.4,4.2,4.3,4.4,4.06,9610
2015-06-08,4.4,4.3,4.3,4.4,4.06,1550
2015-06-09,4.4,4.2,4.3,4.2,3.87,24520
2015-06-10,4.4,4.2,4.2,4.2,3.87,28520
2015-06-11,4.4,4.4,4.4,4.4,4.06,220
2015-06-12,4.4,4.3,4.3,4.3,3.97,4210
2015-06-15,4.4,4.2,4.4,4.4,4.06,340
2015-06-16,4.2,4.2,4.2,4.2,3.87,1210
2015-06-17,4.3,4.2,4.3,4.2,3.87,9310
2015-06-18,4.3,4.3,4.3,4.3,3.97,100
2015-06-19,4.5,4.3,4.3,4.5,4.15,1700
2015-06-22,4.5,4.5,4.5,4.5,4.15,0
2015-06-23,4.5,4.2,4.2,4.5,4.15,5020
2015-06-24,4.2,4.2,4.2,4.2,3.87,2000
2015-06-25,4.3,4.2,4.2,4.2,3.87,2060
2015-06-26,4.3,4.2,4.3,4.2,3.87,7420
2015-06-29,4.3,4.2,4.3,4.2,3.87,1600
2015-06-30,4.2,4.2,4.2,4.2,3.87,530
2015-07-01,4.3,4.1,4.1,4.3,3.97,380
2015-07-02,4.3,4.3,4.3,4.3,3.97,0
2015-07-03,4.6,4.3,4.3,4.5,4.15,2250
2015-07-06,4.3,4.3,4.3,4.3,3.97,340
2015-07-07,4.4,4.4,4.4,4.4,4.06,10
2015-07-08,4.3,4.3,4.3,4.3,3.97,480
2015-07-09,4.3,4.2,4.3,4.2,3.87,1010
2015-07-10,4.3,4.3,4.3,4.3,3.97,2000
2015-07-13,4.3,4.3,4.3,4.3,3.97,0
2015-07-14,4.2,4.1,4.2,4.1,3.78,1370
2015-07-15,4.3,4.3,4.3,4.3,3.97,10
2015-07-16,4.4,4.1,4.4,4.1,3.78,1090
2015-07-17,4.3,4.2,4.3,4.2,3.87,50
2015-07-20,4.3,4.1,4.3,4.1,3.78,1510
2015-07-21,4.3,4.2,4.2,4.3,3.97,960
2015-07-22,4.5,4.0,4.3,4.5,4.15,1620
2015-07-23,4.7,4.4,4.5,4.7,4.33,5540
2015-07-24,4.4,4.4,4.4,4.4,4.06,4300
2015-07-27,4.3,4.2,4.3,4.2,3.87,910
2015-07-28,4.3,4.3,4.3,4.3,3.97,80
2015-07-29,4.4,4.2,4.2,4.4,4.06,1190
2015-07-30,4.2,4.2,4.2,4.2,3.87,1000
2015-07-31,4.4,4.4,4.4,4.4,4.06,10
2015-08-03,4.3,4.3,4.3,4.3,3.97,500
2015-08-04,4.2,4.2,4.2,4.2,3.87,200
2015-08-05,4.2,4.2,4.2,4.2,3.87,0
2015-08-06,4.3,4.3,4.3,4.3,3.97,700
2015-08-07,4.3,4.3,4.3,4.3,3.97,150
2015-08-10,4.3,4.3,4.3,4.3,3.97,0
2015-08-11,4.3,4.3,4.3,4.3,3.97,0
2015-08-12,4.3,4.3,4.3,4.3,3.97,0
2015-08-13,4.5,4.2,4.2,4.5,4.15,540
2015-08-14,4.5,4.5,4.5,4.5,4.15,0
2015-08-17,4.5,4.5,4.5,4.5,4.15,0
2015-08-18,4.4,4.4,4.4,4.4,4.06,250
2015-08-19,4.4,4.4,4.4,4.4,4.06,0
2015-08-20,4.4,4.4,4.4,4.4,4.06,0
2015-08-21,4.3,4.1,4.2,4.1,3.78,2800
2015-08-24,4.3,4.0,4.0,4.3,3.97,520
2015-08-25,4.5,4.5,4.5,4.5,4.15,10
2015-08-26,4.4,4.2,4.2,4.4,4.06,1000
2015-08-27,4.2,4.2,4.2,4.2,3.87,100
2015-08-28,4.3,4.3,4.3,4.3,3.97,1120
2015-08-31,4.4,4.4,4.4,4.4,4.06,10
2015-09-01,4.5,4.5,4.5,4.5,4.15,10
2015-09-03,4.4,4.2,4.2,4.4,4.06,1030
2015-09-04,4.4,4.4,4.4,4.4,4.06,0
2015-09-07,4.3,4.2,4.3,4.2,3.87,740
2015-09-08,4.4,4.3,4.3,4.4,4.06,210
2015-09-09,4.4,4.3,4.3,4.4,4.06,2030
2015-09-10,4.4,4.4,4.4,4.4,4.06,10
2015-09-11,4.4,4.4,4.4,4.4,4.06,0
2015-09-14,4.4,4.3,4.3,4.4,4.06,310
2015-09-15,4.4,4.3,4.3,4.4,4.06,1290
2015-09-16,4.4,4.4,4.4,4.4,4.06,0
2015-09-17,4.4,4.4,4.4,4.4,4.06,0
2015-09-18,4.4,4.3,4.3,4.4,4.06,1010
2015-09-21,4.4,4.4,4.4,4.4,4.06,0
2015-09-22,4.4,4.4,4.4,4.4,4.06,0
2015-09-23,4.4,4.4,4.4,4.4,4.06,0
2015-09-24,4.4,4.2,4.2,4.4,4.06,1210
2015-09-25,4.4,4.2,4.2,4.4,4.06,30
2015-09-28,4.4,4.2,4.2,4.4,4.06,1070
2015-09-29,4.4,4.1,4.2,4.4,4.06,10630
2015-09-30,4.2,4.2,4.2,4.2,3.87,770
2015-10-01,4.4,4.1,4.4,4.1,3.78,12830
2015-10-02,4.3,4.3,4.3,4.3,3.97,10
2015-10-05,4.3,4.1,4.2,4.2,3.87,7290
2015-10-06,4.2,4.0,4.1,4.2,3.87,2550
2015-10-07,4.2,4.2,4.2,4.2,3.87,160
2015-10-08,4.3,4.3,4.3,4.3,3.97,10
2015-10-09,4.3,4.3,4.3,4.3,3.97,0
2015-10-12,4.3,4.1,4.2,4.1,3.78,1740
2015-10-13,4.2,3.9,4.2,4.1,3.78,620
2015-10-14,4.2,4.1,4.1,4.2,3.87,2120
2015-10-15,4.2,4.1,4.1,4.2,3.87,4790
2015-10-16,4.4,4.1,4.4,4.4,4.06,4840
2015-10-19,4.2,4.2,4.2,4.2,3.87,2200
2015-10-20,4.2,4.1,4.1,4.2,3.87,6010
2015-10-21,4.2,4.1,4.2,4.2,3.87,6500
2015-10-22,4.1,4.0,4.1,4.0,3.69,200
2015-10-23,4.1,4.1,4.1,4.1,3.78,1000
2015-10-26,4.1,4.0,4.0,4.1,3.78,4040
2015-10-27,4.2,4.0,4.0,4.2,3.87,1510
2015-10-28,4.2,4.1,4.1,4.2,3.87,300
2015-10-29,4.1,4.1,4.1,4.1,3.78,3110
2015-10-30,4.1,4.1,4.1,4.1,3.78,550
2015-11-02,4.1,3.9,4.0,3.9,3.6,6590
2015-11-03,4.1,4.0,4.1,4.1,3.78,1080
2015-11-04,4.1,4.0,4.0,4.1,3.78,150
2015-11-05,4.1,4.0,4.0,4.1,3.78,110
2015-11-06,4.0,4.0,4.0,4.0,3.69,120
2015-11-09,4.1,3.9,4.0,4.1,3.78,2300
2015-11-10,4.1,4.1,4.1,4.1,3.78,10
2015-11-11,4.1,4.1,4.1,4.1,3.78,380
2015-11-12,3.9,3.9,3.9,3.9,3.6,16050
2015-11-13,4.1,4.0,4.1,4.0,3.69,2090
2015-11-16,4.1,4.1,4.1,4.1,3.78,260
2015-11-17,3.9,3.9,3.9,3.9,3.6,1870
2015-11-18,4.1,4.0,4.1,4.1,3.78,120
2015-11-19,4.0,4.0,4.0,4.0,3.69,10000
2015-11-20,4.1,4.1,4.1,4.1,3.78,10
2015-11-23,4.1,4.1,4.1,4.1,3.78,0
2015-11-24,4.1,4.0,4.0,4.1,3.78,4980
2015-11-25,4.1,4.1,4.1,4.1,3.78,0
2015-11-26,4.2,3.9,3.9,4.2,3.87,20
2015-11-27,4.1,4.0,4.0,4.1,3.78,4510
2015-11-30,4.0,3.9,3.9,4.0,3.69,30
2015-12-01,4.1,4.0,4.1,4.1,3.78,40
2015-12-02,4.1,4.1,4.1,4.1,3.78,530
2015-12-03,4.1,3.9,3.9,4.1,3.78,1530
2015-12-04,4.1,4.1,4.1,4.1,3.78,0
2015-12-07,4.1,4.1,4.1,4.1,3.78,130
2015-12-08,4.1,4.1,4.1,4.1,3.78,0
2015-12-09,4.1,4.0,4.0,4.1,3.78,9510
2015-12-10,4.1,4.0,4.0,4.1,3.78,110
2015-12-11,4.1,4.0,4.0,4.1,3.78,10030
2015-12-14,4.1,3.9,4.0,4.1,3.78,5570
2015-12-15,4.1,4.0,4.0,4.1,3.78,10010
2015-12-16,4.1,4.1,4.1,4.1,3.78,0
2015-12-17,4.0,3.9,3.9,3.9,3.6,16330
2015-12-18,4.1,4.1,4.1,4.1,3.78,20
2015-12-21,4.0,4.0,4.0,4.0,3.69,10
2015-12-22,4.0,4.0,4.0,4.0,3.69,0
2015-12-23,4.1,3.8,4.0,4.1,3.78,11640
2015-12-24,4.1,3.9,3.9,4.1,3.78,20
2015-12-25,4.1,3.9,4.1,4.1,3.78,4420
2015-12-28,4.1,4.1,4.1,4.1,3.78,0
2015-12-29,4.1,4.1,4.1,4.1,3.78,0
2015-12-30,4.1,3.9,4.1,4.1,3.78,1040
2015-12-31,3.9,3.9,3.9,3.9,3.6,10
2016-01-04,4.1,4.1,4.1,4.1,3.78,160
2016-01-05,4.1,4.1,4.1,4.1,3.78,0
2016-01-06,4.1,4.1,4.1,4.1,3.78,4000
2016-01-07,4.0,4.0,4.0,4.0,3.69,3410
2016-01-08,4.2,4.0,4.0,4.2,3.87,2940
2016-01-11,4.2,4.0,4.2,4.1,3.78,15070
2016-01-12,4.1,4.1,4.1,4.1,3.78,0
2016-01-13,4.0,3.9,3.9,4.0,3.69,110
2016-01-14,4.0,3.8,3.9,4.0,3.69,4410
2016-01-15,4.0,4.0,4.0,4.0,3.69,0
2016-01-18,4.0,4.0,4.0,4.0,3.69,0
2016-01-19,4.0,3.9,3.9,4.0,3.69,560
2016-01-20,4.0,3.9,3.9,4.0,3.69,510
2016-01-21,4.0,4.0,4.0,4.0,3.69,0
2016-01-22,4.1,4.1,4.1,4.1,3.78,20
2016-01-25,4.3,4.0,4.0,4.3,3.97,480
2016-01-26,4.3,4.3,4.3,4.3,3.97,0
2016-01-27,4.3,4.3,4.3,4.3,3.97,0
2016-01-28,4.3,4.3,4.3,4.3,3.97,0
2016-01-29,4.3,4.3,4.3,4.3,3.97,2000
2016-02-01,4.3,4.3,4.3,4.3,3.97,0
2016-02-02,4.3,4.3,4.3,4.3,3.97,0
2016-02-03,4.3,4.3,4.3,4.3,3.97,0
2016-02-04,4.3,4.3,4.3,4.3,3.97,0
2016-02-05,4.4,4.4,4.4,4.4,4.06,200
2016-02-15,4.4,4.4,4.4,4.4,4.06,0
2016-02-16,4.4,4.4,4.4,4.4,4.06,0
2016-02-17,4.4,4.4,4.4,4.4,4.06,0
2016-02-18,4.3,4.3,4.3,4.3,3.97,1200
2016-02-19,4.3,4.0,4.0,4.3,3.97,3040
2016-02-22,4.0,4.0,4.0,4.0,3.69,90
2016-02-23,4.1,4.1,4.1,4.1,3.78,10
2016-02-24,4.3,3.9,3.9,4.3,3.97,10460
2016-02-25,4.2,4.0,4.0,4.2,3.87,110
2016-02-26,4.3,4.0,4.3,4.0,3.69,280
2016-02-29,4.1,4.1,4.1,4.1,3.78,20
2016-03-01,4.1,4.1,4.1,4.1,3.78,0
2016-03-02,4.1,4.1,4.1,4.1,3.78,20
2016-03-03,4.1,4.1,4.1,4.1,3.78,220
2016-03-04,4.1,4.1,4.1,4.1,3.78,0
2016-03-07,4.1,4.1,4.1,4.1,3.78,1500
2016-03-08,4.1,3.9,4.1,3.9,3.6,470
2016-03-09,4.1,3.9,4.1,3.9,3.6,1200
2016-03-10,4.1,3.9,4.0,3.9,3.6,13560
2016-03-11,4.1,4.0,4.0,4.1,3.78,2030
2016-03-14,4.1,4.1,4.1,4.1,3.78,0
2016-03-15,4.1,4.1,4.1,4.1,3.78,0
2016-03-16,4.1,4.1,4.1,4.1,3.78,0
2016-03-17,4.1,4.1,4.1,4.1,3.78,0
2016-03-18,4.1,4.0,4.1,4.0,3.69,3010
2016-03-21,4.0,4.0,4.0,4.0,3.69,0
2016-03-22,4.1,4.1,4.1,4.1,3.78,10
2016-03-23,4.1,4.1,4.1,4.1,3.78,140
2016-03-24,4.0,4.0,4.0,4.0,3.69,10
2016-03-25,4.0,4.0,4.0,4.0,3.69,0
2016-03-28,4.0,4.0,4.0,4.0,3.69,80
2016-03-29,4.0,3.9,3.9,4.0,3.69,280
2016-03-30,4.0,3.8,3.8,4.0,3.69,14970
2016-03-31,4.0,4.0,4.0,4.0,3.69,0
2016-04-01,3.9,3.9,3.9,3.9,3.6,1010
2016-04-04,3.9,3.9,3.9,3.9,3.6,700
2016-04-05,3.8,3.8,3.8,3.8,3.5,100
2016-04-06,3.9,3.9,3.9,3.9,3.6,20
2016-04-07,3.9,3.7,3.9,3.9,3.6,5690
2016-04-08,3.9,3.9,3.9,3.9,3.6,0
2016-04-11,3.9,3.7,3.7,3.9,3.6,1010
2016-04-12,3.9,3.7,3.9,3.7,3.41,1700
2016-04-13,3.9,3.7,3.7,3.9,3.6,12910
2016-04-14,4.0,3.9,3.9,4.0,3.69,710
2016-04-15,4.1,3.9,4.0,4.0,3.69,12410
2016-04-19,4.1,4.0,4.0,4.1,3.78,390
2016-04-20,4.1,3.9,3.9,4.1,3.78,1010
2016-04-21,4.1,4.1,4.1,4.1,3.78,100
2016-04-22,4.3,4.1,4.1,4.3,3.97,14400
2016-04-25,4.3,4.3,4.3,4.3,3.97,0
2016-04-26,4.4,4.4,4.4,4.4,4.06,100
2016-04-27,4.4,4.1,4.1,4.4,4.06,110
2016-04-28,4.4,4.1,4.1,4.1,3.78,110
2016-04-29,4.2,4.0,4.0,4.2,3.87,830
2016-05-04,4.2,4.1,4.1,4.2,3.87,40030
2016-05-05,4.3,4.0,4.0,4.1,3.78,25980
2016-05-06,4.3,3.9,4.1,4.3,3.97,5140
2016-05-09,4.4,4.1,4.3,4.4,4.06,410
2016-05-10,4.3,4.1,4.1,4.1,3.78,1130
2016-05-11,4.2,4.0,4.2,4.0,3.69,340
2016-05-12,4.2,3.9,3.9,4.2,3.87,1020
2016-05-13,4.3,4.0,4.0,4.3,3.97,20
2016-05-16,4.3,4.2,4.2,4.3,3.97,170
2016-05-17,4.2,4.2,4.2,4.2,3.87,500
2016-05-18,4.2,4.0,4.0,4.2,3.87,20
2016-05-19,4.2,4.0,4.0,4.2,3.87,1020
2016-05-20,4.2,4.0,4.0,4.0,3.69,1100
2016-05-23,4.0,4.0,4.0,4.0,3.69,1450
2016-05-24,4.2,3.8,3.8,3.9,3.6,30
2016-05-25,4.1,3.9,4.0,4.1,3.78,6200
2016-05-26,4.1,4.1,4.1,4.1,3.78,0
2016-05-27,4.2,4.0,4.1,4.2,3.87,1150
2016-05-30,4.2,4.2,4.2,4.2,3.87,0
2016-05-31,4.1,4.0,4.0,4.0,3.69,7430
2016-06-01,4.1,3.9,4.1,4.1,3.78,26310
2016-06-02,4.2,4.2,4.2,4.2,3.87,10
2016-06-03,4.2,4.0,4.1,4.2,3.87,2640
2016-06-06,4.1,4.1,4.1,4.1,3.78,410
2016-06-07,4.1,4.0,4.1,4.1,3.78,5740
2016-06-08,4.1,4.0,4.0,4.0,3.69,15110
2016-06-09,4.1,4.0,4.0,4.0,3.69,9760
2016-06-10,4.1,4.0,4.0,4.1,3.78,4260
2016-06-13,4.0,4.0,4.0,4.0,3.69,370
2016-06-14,4.1,4.0,4.0,4.1,3.78,2840
2016-06-15,4.1,4.1,4.1,4.1,3.78,200
2016-06-16,4.1,4.1,4.1,4.1,3.78,0
2016-06-17,4.0,4.0,4.0,4.0,3.69,480
2016-06-20,4.0,3.8,3.8,4.0,3.69,1370
2016-06-21,4.1,4.0,4.1,4.0,3.69,1320
2016-06-22,4.2,4.0,4.0,4.2,3.87,43110
2016-06-23,4.4,4.3,4.3,4.4,4.06,52000
2016-06-24,4.7,4.3,4.7,4.7,4.33,24010
2016-06-27,4.7,4.7,4.7,4.7,4.33,0
2016-06-28,4.7,4.5,4.5,4.7,4.33,9600
2016-06-29,4.7,4.4,4.5,4.4,4.06,1990
2016-06-30,4.7,4.5,4.7,4.5,4.15,30010
2016-07-01,4.5,4.2,4.2,4.5,4.15,280
2016-07-04,4.7,4.2,4.2,4.7,4.33,1210
2016-07-05,4.6,4.6,4.6,4.6,4.24,260
2016-07-06,4.6,4.4,4.4,4.4,4.06,1860
2016-07-07,4.6,4.2,4.4,4.6,4.24,5780
2016-07-08,4.6,4.3,4.5,4.6,4.24,5510
2016-07-11,4.6,4.4,4.4,4.6,4.24,120
2016-07-12,4.6,4.3,4.3,4.6,4.24,330
2016-07-13,4.5,4.3,4.3,4.5,4.15,10010
2016-07-14,4.5,4.5,4.5,4.5,4.15,0
2016-07-15,4.5,4.2,4.2,4.5,4.15,1860
2016-07-18,4.5,4.5,4.5,4.5,4.15,0
2016-07-19,4.5,4.2,4.2,4.4,4.06,80
2016-07-20,4.6,4.2,4.6,4.4,4.06,330
2016-07-21,4.6,4.4,4.4,4.6,4.24,63920
2016-07-22,4.6,4.5,4.5,4.6,4.24,11520
2016-07-25,4.4,4.4,4.4,4.4,4.06,3290
2016-07-26,4.5,4.4,4.4,4.5,4.15,9830
2016-07-27,4.6,4.5,4.6,4.6,4.24,4010
2016-07-28,4.6,4.5,4.5,4.6,4.24,510
2016-07-29,4.6,4.5,4.5,4.6,4.24,27520
2016-08-01,4.5,4.4,4.5,4.5,4.15,15030
2016-08-02,4.5,4.3,4.4,4.5,4.15,26290
2016-08-03,4.5,4.5,4.5,4.5,4.15,5790
2016-08-04,4.5,4.4,4.4,4.5,4.15,790
2016-08-05,4.5,4.4,4.4,4.5,4.15,4500
2016-08-08,4.5,4.3,4.5,4.5,4.15,8420
2016-08-09,4.5,4.4,4.4,4.5,4.15,16750
2016-08-10,4.5,4.4,4.4,4.5,4.15,10100
2016-08-11,4.8,4.5,4.5,4.7,4.33,18140
2016-08-12,4.7,4.5,4.6,4.7,4.33,8060
2016-08-15,4.6,4.5,4.6,4.6,4.24,3630
2016-08-16,4.6,4.6,4.6,4.6,4.24,5890
2016-08-17,4.6,4.5,4.6,4.5,4.15,7710
2016-08-18,4.6,4.5,4.5,4.6,4.24,10570
2016-08-19,4.6,4.5,4.5,4.6,4.24,8000
2016-08-22,4.5,4.5,4.5,4.5,4.15,1000
2016-08-23,4.7,4.5,4.5,4.7,4.33,19780
2016-08-24,4.9,4.6,4.6,4.7,4.33,14010
2016-08-25,4.8,4.7,4.8,4.8,4.43,17890
2016-08-26,5.0,4.8,4.9,4.9,4.52,68750
2016-08-29,5.1,4.9,5.0,5.1,4.7,45430
2016-08-30,5.1,5.0,5.1,5.0,4.61,22200
2016-08-31,5.0,4.9,5.0,4.9,4.52,10510
2016-09-01,4.9,4.8,4.8,4.9,4.52,14010
2016-09-05,5.0,4.9,4.9,5.0,4.61,4510
2016-09-06,4.9,4.8,4.8,4.9,4.52,6290
2016-09-07,4.9,4.8,4.8,4.9,4.52,12520
2016-09-08,4.9,4.8,4.8,4.9,4.52,1470
2016-09-09,4.8,4.8,4.8,4.8,4.43,5000
2016-09-12,4.8,4.7,4.71,4.8,4.43,8330
2016-09-13,4.75,4.61,4.7,4.75,4.38,9910
2016-09-14,4.75,4.61,4.61,4.75,4.38,480
2016-09-15,5.08,4.7,4.73,4.8,4.43,2830
2016-09-16,4.8,4.6,4.6,4.8,4.43,11610
2016-09-19,4.7,4.65,4.7,4.65,4.29,900
2016-09-20,4.89,4.6,4.65,4.89,4.51,14510
2016-09-21,4.8,4.56,4.56,4.8,4.43,9520
2016-09-22,4.79,4.56,4.7,4.79,4.42,5020
2016-09-23,4.79,4.79,4.79,4.79,4.42,0
2016-09-26,4.65,4.65,4.65,4.65,4.29,50
2016-09-27,4.86,4.68,4.68,4.86,4.48,3640
2016-09-28,4.8,4.6,4.7,4.8,4.43,21010
2016-09-29,4.8,4.7,4.7,4.79,4.42,12190
2016-09-30,4.85,4.7,4.75,4.85,4.47,18030
2016-10-03,4.85,4.66,4.66,4.85,4.47,2030
2016-10-04,4.85,4.85,4.85,4.85,4.47,0
2016-10-05,4.85,4.85,4.85,4.85,4.47,20
2016-10-06,4.84,4.6,4.7,4.65,4.29,2000
2016-10-07,4.84,4.84,4.84,4.84,4.46,10
2016-10-10,4.8,4.6,4.6,4.8,4.43,130
2016-10-11,4.75,4.6,4.6,4.75,4.38,500
2016-10-12,4.85,4.85,4.85,4.85,4.47,20
2016-10-13,4.6,4.6,4.6,4.6,4.24,510
2016-10-14,4.74,4.74,4.74,4.74,4.37,10
2016-10-17,4.9,4.74,4.74,4.9,4.52,20
2016-10-18,4.9,4.8,4.9,4.8,4.43,3050
2016-10-19,5.13,4.8,5.13,4.9,4.52,30220
2016-10-20,5.0,4.85,4.85,5.0,4.61,2320
2016-10-21,5.3,5.0,5.0,5.3,4.89,3120
2016-10-24,5.2,4.96,5.2,5.0,4.61,5940
2016-10-25,5.3,5.0,5.0,5.3,4.89,3370
2016-10-26,5.3,5.28,5.3,5.3,4.89,2540
2016-10-27,5.28,5.0,5.0,5.28,4.87,5300
2016-10-28,5.28,5.28,5.28,5.28,4.87,0
2016-10-31,5.28,5.28,5.28,5.28,4.87,0
2016-11-01,5.27,4.95,4.95,5.27,4.86,2010
2016-11-02,5.3,4.95,5.3,4.95,4.56,1210
2016-11-03,5.2,4.85,4.85,4.95,4.56,8030
2016-11-04,5.0,5.0,5.0,5.0,4.61,10
2016-11-07,5.2,4.99,5.0,5.0,4.61,4590
2016-11-08,5.0,4.9,4.95,5.0,4.61,7150
2016-11-09,5.0,5.0,5.0,5.0,4.61,300
2016-11-10,5.0,5.0,5.0,5.0,4.61,0
2016-11-11,5.0,5.0,5.0,5.0,4.61,0
2016-11-14,5.0,4.93,4.95,5.0,4.61,8780
2016-11-15,5.0,4.98,4.98,5.0,4.61,9370
2016-11-16,5.3,5.3,5.3,5.3,4.89,10
2016-11-17,5.05,4.93,4.94,5.05,4.66,23110
2016-11-18,5.0,4.8,4.8,5.0,4.61,3110
2016-11-21,5.0,5.0,5.0,5.0,4.61,0
2016-11-22,5.0,5.0,5.0,5.0,4.61,0
2016-11-23,5.0,5.0,5.0,5.0,4.61,420
2016-11-24,5.2,4.9,5.0,5.2,4.79,19190
2016-11-25,5.2,5.2,5.2,5.2,4.79,0
2016-11-28,5.0,4.84,4.87,4.9,4.52,12010
2016-11-29,4.95,4.81,4.81,4.95,4.56,20
2016-11-30,5.1,4.93,4.93,5.0,4.61,350
2016-12-01,5.0,4.8,4.8,5.0,4.61,40140
2016-12-02,5.19,4.96,4.98,5.19,4.79,41500
2016-12-05,5.19,4.86,4.86,5.19,4.79,1350
2016-12-06,4.85,4.83,4.85,4.83,4.45,15210
2016-12-07,5.09,5.09,5.09,5.09,4.69,20
2016-12-08,4.98,4.75,4.75,4.98,4.59,7530
2016-12-09,5.0,4.71,4.89,4.93,4.55,9030
2016-12-12,4.95,4.89,4.89,4.95,4.56,390
2016-12-13,5.15,5.15,5.15,5.15,4.75,10
2016-12-14,5.15,5.15,5.15,5.15,4.75,0
2016-12-15,5.15,5.15,5.15,5.15,4.75,0
2016-12-16,5.0,4.8,4.8,5.0,4.61,1010
2016-12-19,5.1,5.1,5.1,5.1,4.7,210
2016-12-20,5.1,5.1,5.1,5.1,4.7,0
2016-12-21,5.0,5.0,5.0,5.0,4.61,2000
2016-12-22,5.0,5.0,5.0,5.0,4.61,2000
2016-12-23,5.0,5.0,5.0,5.0,4.61,0
2016-12-26,5.0,4.71,4.71,5.0,4.61,160
2016-12-27,5.0,5.0,5.0,5.0,4.61,10
2016-12-28,5.0,5.0,5.0,5.0,4.61,0
2016-12-29,4.98,4.8,4.89,4.98,4.59,6510
2016-12-30,5.0,5.0,5.0,5.0,4.61,60
2017-01-03,4.95,4.67,4.9,4.95,4.56,1700
2017-01-04,4.95,4.62,4.95,4.62,4.26,2000
2017-01-05,4.9,4.84,4.84,4.9,4.52,2550
2017-01-06,4.95,4.6,4.95,4.84,4.46,4690
2017-01-09,4.98,4.8,4.8,4.98,4.59,9400
2017-01-10,5.0,4.95,5.0,4.95,4.56,110
2017-01-11,4.97,4.97,4.97,4.97,4.58,10
2017-01-12,4.97,4.7,4.71,4.97,4.58,15010
2017-01-13,4.97,4.97,4.97,4.97,4.58,0
2017-01-16,4.84,4.67,4.68,4.84,4.46,8010
2017-01-17,4.84,4.84,4.84,4.84,4.46,0
2017-01-18,4.84,4.84,4.84,4.84,4.46,0
2017-01-19,4.84,4.84,4.84,4.84,4.46,20
2017-01-20,4.95,4.6,4.95,4.84,4.46,17020
2017-01-23,4.6,4.59,4.6,4.59,4.23,10000
2017-01-24,4.75,4.5,4.5,4.75,4.38,10750
2017-01-25,4.75,4.75,4.75,4.75,4.38,0
2017-02-02,4.75,4.54,4.75,4.55,4.2,20020
2017-02-03,4.6,4.45,4.6,4.47,4.12,23810
2017-02-06,4.55,4.46,4.46,4.55,4.2,9010
2017-02-07,4.6,4.4,4.46,4.6,4.24,21730
2017-02-08,4.6,4.4,4.6,4.55,4.2,17340
2017-02-09,4.6,4.6,4.6,4.6,4.24,10
2017-02-10,4.6,4.6,4.6,4.6,4.24,0
2017-02-13,4.69,4.38,4.69,4.69,4.32,550
2017-02-14,4.4,4.4,4.4,4.4,4.06,10000
2017-02-15,4.7,4.7,4.7,4.7,4.33,3240
2017-02-16,4.75,4.41,4.75,4.7,4.33,8020
2017-02-17,4.5,4.43,4.5,4.43,4.08,3000
2017-02-20,4.43,4.42,4.43,4.42,4.08,3790
2017-02-21,4.53,4.41,4.41,4.46,4.11,2410
2017-02-22,4.68,4.68,4.68,4.68,4.32,10
2017-02-23,4.45,4.42,4.45,4.42,4.08,1580
2017-02-24,4.68,4.42,4.45,4.68,4.32,9200
2017-02-27,4.75,4.42,4.5,4.5,4.15,2290
2017-02-28,4.81,4.45,4.75,4.78,4.41,5150
2017-03-01,4.75,4.59,4.59,4.75,4.38,110
2017-03-02,4.75,4.75,4.75,4.75,4.38,0
2017-03-03,4.46,4.46,4.46,4.46,4.11,100
2017-03-06,4.6,4.4,4.48,4.6,4.24,7790
2017-03-07,4.41,4.41,4.41,4.41,4.07,5150
2017-03-08,4.41,4.41,4.41,4.41,4.07,0
2017-03-09,4.6,4.4,4.4,4.6,4.24,190
2017-03-10,4.6,4.4,4.6,4.6,4.24,21010
2017-03-13,4.36,4.36,4.36,4.36,4.02,50
2017-03-14,4.6,4.38,4.6,4.6,4.24,90
2017-03-15,4.6,4.28,4.4,4.6,4.24,39170
2017-03-16,4.6,4.6,4.6,4.6,4.24,0
2017-03-17,4.6,4.6,4.6,4.6,4.24,0
2017-03-20,4.6,4.55,4.55,4.6,4.24,410
2017-03-21,4.7,4.65,4.65,4.7,4.33,16100
2017-03-22,4.73,4.7,4.7,4.73,4.36,1340
2017-03-23,4.73,4.73,4.73,4.73,4.36,1000
2017-03-24,4.73,4.73,4.73,4.73,4.36,0
2017-03-27,4.6,4.4,4.4,4.6,4.24,1120
2017-03-28,4.75,4.35,4.35,4.75,4.38,1050
2017-03-29,5.08,4.75,4.75,5.08,4.68,26740
2017-03-30,5.43,4.73,5.43,5.2,4.79,30020
2017-03-31,5.0,4.84,4.84,4.9,4.52,11140
2017-04-03,5.0,4.62,4.62,5.0,4.61,110
2017-04-04,4.7,4.7,4.7,4.7,4.33,2700
2017-04-05,4.65,4.65,4.65,4.65,4.29,710
2017-04-07,4.9,4.9,4.9,4.9,4.52,2010
2017-04-10,4.97,4.7,4.7,4.97,4.58,5330
2017-04-11,4.82,4.8,4.8,4.8,4.43,1470
2017-04-12,4.95,4.95,4.95,4.95,4.56,10
2017-04-13,5.0,4.7,4.7,5.0,4.61,2190
2017-04-14,5.0,4.7,4.72,5.0,4.61,5010
2017-04-17,4.99,4.7,4.7,4.79,4.42,8010
2017-04-18,4.8,4.7,4.7,4.8,4.43,1510
2017-04-19,4.7,4.7,4.7,4.7,4.33,5120
2017-04-20,4.9,4.7,4.9,4.7,4.33,6000
2017-04-21,4.7,4.7,4.7,4.7,4.33,0
2017-04-24,4.69,4.41,4.69,4.5,4.15,6320
2017-04-25,4.5,4.5,4.5,4.5,4.15,1150
2017-04-26,4.5,4.5,4.5,4.5,4.15,100
2017-04-27,4.48,4.21,4.35,4.21,3.88,20820
2017-04-28,4.39,4.39,4.39,4.39,4.05,10
2017-05-03,4.6,4.6,4.6,4.6,4.24,50
2017-05-04,4.4,4.29,4.29,4.39,4.05,3150
2017-05-05,4.49,4.49,4.49,4.49,4.14,10
2017-05-08,4.5,4.18,4.3,4.5,4.15,8860
2017-05-09,4.6,4.2,4.6,4.59,4.23,6610
2017-05-10,4.59,4.5,4.5,4.59,4.23,10010
2017-05-11,4.59,4.59,4.59,4.59,4.23,0
2017-05-12,4.59,4.59,4.59,4.59,4.23,10
2017-05-15,4.48,4.35,4.35,4.48,4.13,27090
2017-05-16,4.59,4.3,4.59,4.4,4.06,1140
2017-05-17,4.49,4.3,4.4,4.33,3.99,6620
2017-05-18,4.5,4.25,4.25,4.35,4.01,14810
2017-05-19,4.44,4.29,4.35,4.44,4.09,11980
2017-05-22,4.39,4.39,4.39,4.39,4.05,1920
2017-05-23,4.53,4.53,4.53,4.53,4.18,1000
2017-05-24,4.33,4.33,4.33,4.33,3.99,290
2017-05-25,4.4,4.4,4.4,4.4,4.06,3360
2017-05-26,4.5,4.31,4.5,4.5,4.15,6160
2017-05-29,4.5,4.5,4.5,4.5,4.15,0
2017-05-30,4.31,4.31,4.31,4.31,3.97,10
2017-05-31,4.5,4.5,4.5,4.5,4.15,150
2017-06-01,4.44,4.44,4.44,4.44,4.09,50
2017-06-02,4.3,4.3,4.3,4.3,3.97,100
2017-06-05,4.3,4.3,4.3,4.3,3.97,150
2017-06-06,4.45,4.45,4.45,4.45,4.1,30
2017-06-07,4.2,4.2,4.2,4.2,3.87,1200
2017-06-08,4.3,4.2,4.2,4.3,3.97,550
2017-06-09,4.49,4.21,4.49,4.21,3.88,2940
2017-06-12,4.48,4.22,4.22,4.48,4.13,210
2017-06-13,4.73,4.59,4.73,4.59,4.23,110
2017-06-14,4.5,4.28,4.5,4.28,3.95,590
2017-06-15,4.57,4.53,4.57,4.53,4.18,610
2017-06-16,4.4,4.35,4.35,4.4,4.06,2700
2017-06-19,4.5,4.46,4.46,4.49,4.14,4650
2017-06-20,4.49,4.49,4.49,4.49,4.14,410
2017-06-21,4.49,4.49,4.49,4.49,4.14,0
2017-06-22,4.49,4.18,4.18,4.49,4.14,1010
2017-06-23,4.49,4.49,4.49,4.49,4.14,100
2017-06-26,4.45,4.2,4.45,4.2,3.87,6600
2017-06-27,4.45,4.4,4.45,4.4,4.06,950
2017-06-28,4.45,4.45,4.45,4.45,4.1,490
2017-06-29,4.22,4.2,4.2,4.22,3.89,20
2017-06-30,4.22,4.22,4.22,4.22,3.89,60
2017-07-03,4.22,4.22,4.22,4.22,3.89,0
2017-07-04,4.41,4.02,4.21,4.41,4.07,3180
2017-07-05,4.69,4.44,4.69,4.44,4.09,360
2017-07-06,4.44,4.44,4.44,4.44,4.09,0
2017-07-07,4.44,4.44,4.44,4.44,4.09,0
2017-07-10,4.22,4.22,4.22,4.22,3.89,2470
2017-07-11,4.42,4.25,4.42,4.25,3.92,580
2017-07-12,4.49,4.49,4.49,4.49,4.14,20
2017-07-13,4.46,4.21,4.21,4.46,4.11,20
2017-07-14,4.46,4.46,4.46,4.46,4.11,24000
2017-07-17,4.5,4.4,4.45,4.4,4.06,830
2017-07-18,4.4,4.4,4.4,4.4,4.06,110
2017-07-19,4.5,4.4,4.4,4.5,4.15,1310
2017-07-20,4.5,4.5,4.5,4.5,4.15,0
2017-07-21,4.5,4.5,4.5,4.5,4.15,0
2017-07-24,4.3,4.2,4.21,4.3,3.97,5000
2017-07-25,4.4,4.2,4.4,4.4,4.06,8220
2017-07-26,4.55,4.4,4.55,4.5,4.15,6270
2017-07-27,4.5,4.4,4.5,4.41,4.07,19090
2017-07-28,4.55,4.4,4.55,4.55,4.2,7100
2017-07-31,4.55,4.39,4.39,4.55,4.2,19040
2017-08-01,4.5,4.5,4.5,4.5,4.15,370
2017-08-02,4.54,4.5,4.54,4.5,4.15,570
2017-08-03,4.81,4.5,4.5,4.6,4.24,8810
2017-08-04,4.9,4.6,4.9,4.6,4.24,1020
2017-08-07,4.88,4.39,4.39,4.87,4.49,1200
2017-08-08,4.86,4.53,4.7,4.53,4.18,35870
2017-08-09,4.83,4.4,4.5,4.53,4.18,18400
2017-08-10,4.8,4.8,4.8,4.8,4.43,1010
2017-08-11,4.64,4.48,4.48,4.64,4.28,1510
2017-08-14,4.64,4.64,4.64,4.64,4.28,0
2017-08-15,4.65,4.4,4.65,4.64,4.28,1020
2017-08-16,4.59,4.35,4.59,4.5,4.15,2510
2017-08-17,4.5,4.4,4.5,4.5,4.15,5220
2017-08-18,4.5,4.41,4.41,4.5,4.15,2140
2017-08-21,4.79,4.5,4.5,4.79,4.42,460
2017-08-22,4.5,4.5,4.5,4.5,4.15,1980
2017-08-23,4.3,4.3,4.3,4.3,3.97,2000
2017-08-24,4.6,4.55,4.59,4.6,4.24,12510
2017-08-25,4.92,4.6,4.92,4.6,4.24,200
2017-08-28,4.85,4.6,4.6,4.85,4.47,390
2017-08-29,4.53,4.52,4.52,4.53,4.18,150
2017-08-30,4.51,4.33,4.5,4.5,4.15,5420
2017-08-31,4.64,4.33,4.33,4.64,4.28,20
2017-09-01,4.59,4.59,4.59,4.59,4.23,100
2017-09-05,4.59,4.3,4.3,4.59,4.23,90
2017-09-06,4.57,4.35,4.57,4.4,4.06,1140
2017-09-07,4.6,4.5,4.56,4.5,4.15,7050
2017-09-08,4.6,4.5,4.6,4.6,4.24,610
2017-09-11,4.63,4.63,4.63,4.63,4.27,60
2017-09-12,4.8,4.63,4.63,4.7,4.33,1020
2017-09-13,4.79,4.7,4.79,4.7,4.33,250
2017-09-14,4.8,4.7,4.79,4.7,4.33,5220
2017-09-15,5.0,4.8,5.0,4.8,4.43,2630
2017-09-18,4.8,4.51,4.7,4.8,4.43,7510
2017-09-19,4.8,4.8,4.8,4.8,4.43,0
2017-09-20,5.0,4.7,4.8,4.98,4.59,17010
2017-09-21,5.0,4.7,5.0,4.85,4.47,2660
2017-09-22,5.0,4.8,5.0,5.0,4.61,1840
2017-09-25,5.0,4.7,5.0,5.0,4.61,3020
2017-09-26,4.9,4.86,4.9,4.9,4.52,1450
2017-09-27,4.9,4.8,4.9,4.9,4.52,3060
2017-09-28,5.0,5.0,5.0,5.0,4.61,430
2017-09-29,5.0,5.0,5.0,5.0,4.61,0
2017-10-02,4.75,4.75,4.75,4.75,4.38,5000
2017-10-03,4.75,4.75,4.75,4.75,4.38,0
2017-10-04,4.75,4.75,4.75,4.75,4.38,0
2017-10-05,4.75,4.75,4.75,4.75,4.38,0
2017-10-06,4.9,4.6,4.6,4.9,4.52,3020
2017-10-09,4.99,4.6,4.99,4.85,4.47,8620
2017-10-10,4.85,4.85,4.85,4.85,4.47,30
2017-10-11,4.9,4.52,4.9,4.9,4.52,30
2017-10-12,4.9,4.6,4.6,4.8,4.43,5500
2017-10-13,4.8,4.8,4.8,4.8,4.43,0
2017-10-16,4.8,4.8,4.8,4.8,4.43,0
2017-10-17,4.7,4.7,4.7,4.7,4.33,2080
2017-10-18,4.7,4.7,4.7,4.7,4.33,0
2017-10-19,4.7,4.7,4.7,4.7,4.33,0
2017-10-20,4.7,4.7,4.7,4.7,4.33,0
2017-10-23,4.38,4.38,4.38,4.38,4.04,230
2017-10-24,4.68,4.68,4.68,4.68,4.32,10
2017-10-25,4.8,4.5,4.8,4.5,4.15,1860
2017-10-26,4.5,4.5,4.5,4.5,4.15,0
2017-10-27,4.7,4.5,4.5,4.7,4.33,110
2017-10-30,5.0,5.0,5.0,5.0,4.61,10
2017-10-31,4.65,4.65,4.65,4.65,4.29,610
2017-11-01,4.65,4.65,4.65,4.65,4.29,0
2017-11-02,4.97,4.9,4.97,4.9,4.52,3020
2017-11-03,4.9,4.9,4.9,4.9,4.52,20
2017-11-06,4.9,4.9,4.9,4.9,4.52,10
2017-11-07,4.9,4.9,4.9,4.9,4.52,0
2017-11-08,4.9,4.9,4.9,4.9,4.52,0
2017-11-09,4.9,4.9,4.9,4.9,4.52,0
2017-11-10,4.9,4.9,4.9,4.9,4.52,0
2017-11-13,4.9,4.9,4.9,4.9,4.52,20
2017-11-14,4.56,4.56,4.56,4.56,4.2,130
2017-11-15,4.77,4.77,4.77,4.77,4.4,10
2017-11-16,4.77,4.77,4.77,4.77,4.4,0
2017-11-17,4.77,4.77,4.77,4.77,4.4,0
2017-11-20,4.77,4.77,4.77,4.77,4.4,0
2017-11-21,4.77,4.77,4.77,4.77,4.4,0
2017-11-22,4.77,4.77,4.77,4.77,4.4,0
2017-11-23,4.59,4.44,4.44,4.59,4.23,5030
2017-11-24,4.7,4.7,4.7,4.7,4.33,10
2017-11-27,4.38,4.38,4.38,4.38,4.04,11920
2017-11-28,4.67,4.36,4.67,4.36,4.02,410
2017-11-29,4.58,4.35,4.35,4.58,4.22,15130
2017-11-30,4.4,4.4,4.4,4.4,4.06,50
2017-12-01,4.56,4.56,4.56,4.56,4.2,210
2017-12-04,4.56,4.56,4.56,4.56,4.2,0
2017-12-05,4.56,4.56,4.56,4.56,4.2,2170
2017-12-06,4.56,4.56,4.56,4.56,4.2,0
2017-12-07,4.56,4.56,4.56,4.56,4.2,0
2017-12-08,4.54,4.54,4.54,4.54,4.19,20
2017-12-11,4.54,4.54,4.54,4.54,4.19,0
2017-12-12,4.54,4.53,4.53,4.54,4.19,3280
2017-12-13,4.54,4.54,4.54,4.54,4.19,0
2017-12-14,4.54,4.54,4.54,4.54,4.19,0
2017-12-15,4.54,4.54,4.54,4.54,4.19,0
2017-12-18,4.55,4.23,4.23,4.5,4.15,3070
2017-12-19,4.5,4.5,4.5,4.5,4.15,0
2017-12-20,4.5,4.5,4.5,4.5,4.15,0
2017-12-21,4.4,4.4,4.4,4.4,4.06,10
2017-12-22,4.5,4.21,4.21,4.5,4.15,20
2017-12-25,4.55,4.4,4.55,4.4,4.06,20
2017-12-26,4.49,4.1,4.1,4.49,4.14,120
2017-12-27,4.49,4.19,4.49,4.3,3.97,1400
2017-12-28,4.55,4.12,4.55,4.12,3.8,520
2017-12-29,4.4,4.01,4.01,4.4,4.06,3770
2018-01-02,4.5,4.14,4.14,4.5,4.15,40
2018-01-03,4.58,4.19,4.19,4.58,4.22,120
2018-01-04,4.58,4.58,4.58,4.58,4.22,190
2018-01-05,4.58,4.58,4.58,4.58,4.22,0
2018-01-08,4.58,4.58,4.58,4.58,4.22,0
2018-01-09,4.49,4.26,4.26,4.49,4.14,1330
2018-01-10,4.59,4.2,4.21,4.59,4.23,1500
2018-01-11,4.59,4.59,4.59,4.59,4.23,0
2018-01-12,4.58,4.27,4.3,4.58,4.22,270
2018-01-15,4.57,4.28,4.29,4.57,4.21,3830
2018-01-16,4.82,4.79,4.8,4.79,4.42,50
2018-01-17,4.79,4.5,4.5,4.79,4.42,1290
2018-01-18,4.76,4.46,4.46,4.76,4.39,130
2018-01-19,5.09,4.98,5.09,4.98,4.59,160
2018-01-22,4.8,4.8,4.8,4.8,4.43,10
2018-01-25,4.92,4.47,4.47,4.92,4.54,2210
2018-01-26,4.58,4.58,4.58,4.58,4.22,7040
2018-01-29,4.89,4.3,4.3,4.89,4.51,1110
2018-01-30,4.89,4.89,4.89,4.89,4.51,0
2018-01-31,4.89,4.55,4.55,4.89,4.51,1200
2018-02-01,4.66,4.55,4.55,4.55,4.2,1540
2018-02-02,4.55,4.55,4.55,4.55,4.2,0
2018-02-05,4.55,4.55,4.55,4.55,4.2,0
2018-02-06,4.24,4.24,4.24,4.24,3.91,4230
2018-02-07,4.3,4.24,4.24,4.3,3.97,230
2018-02-08,4.58,4.2,4.2,4.58,4.22,1110
2018-02-09,4.58,4.58,4.58,4.58,4.22,0
2018-02-12,4.58,4.58,4.58,4.58,4.22,20
2018-02-13,4.58,4.58,4.58,4.58,4.22,0
2018-02-21,4.58,4.58,4.58,4.58,4.22,0
2018-02-22,4.57,4.26,4.57,4.3,3.97,1370
2018-02-23,4.58,4.27,4.58,4.27,3.94,2010
2018-02-26,4.27,4.2,4.27,4.2,3.87,1140
2018-02-27,4.44,3.97,4.0,4.43,4.08,2020
2018-02-28,4.6,4.12,4.6,4.59,4.23,30
2018-03-01,4.7,4.7,4.7,4.7,4.33,10
2018-03-02,4.38,4.38,4.38,4.38,4.04,3580
2018-03-05,4.38,4.16,4.38,4.16,3.84,90
2018-03-06,4.4,3.9,3.9,4.4,4.06,90
2018-03-07,4.68,4.1,4.1,4.68,4.32,180
2018-03-08,4.37,4.37,4.37,4.37,4.03,20
2018-03-09,4.12,4.07,4.07,4.12,3.8,110
2018-03-12,4.4,3.9,4.4,4.4,4.06,2860
2018-03-13,4.68,4.21,4.21,4.68,4.32,40
2018-03-14,4.68,4.36,4.36,4.38,4.04,540
2018-03-15,4.68,4.1,4.1,4.68,4.32,830
2018-03-16,4.6,4.36,4.6,4.6,4.24,130
2018-03-19,4.6,4.29,4.29,4.6,4.24,20
2018-03-20,4.3,4.29,4.29,4.3,3.97,850
2018-03-21,4.6,4.0,4.3,4.0,3.69,3090
2018-03-22,4.28,3.72,3.72,3.96,3.65,9420
2018-03-23,4.23,3.82,3.82,3.9,3.6,980
2018-03-26,4.14,3.86,3.9,3.9,3.6,3110
2018-03-27,3.9,3.75,3.9,3.75,3.46,1010
2018-03-28,4.01,3.56,3.56,3.81,3.51,220
2018-03-29,4.07,3.6,3.6,3.64,3.36,1040
2018-03-30,3.89,3.71,3.89,3.89,3.59,630
2018-04-02,4.16,3.85,3.85,3.88,3.58,930
2018-04-03,4.15,3.8,4.05,3.8,3.5,4600
2018-04-04,4.06,3.7,3.83,4.06,3.74,50
2018-04-05,4.34,4.0,4.05,4.34,4.0,7800
2018-04-06,4.45,4.05,4.06,4.45,4.1,10020
2018-04-09,4.76,4.35,4.45,4.75,4.38,2010
2018-04-10,4.75,4.42,4.42,4.75,4.38,10590
2018-04-11,4.46,4.42,4.46,4.42,4.08,20
2018-04-12,4.12,4.12,4.12,4.12,3.8,5090
2018-04-13,3.95,3.92,3.95,3.92,3.61,1030
2018-04-16,4.0,3.8,4.0,3.9,3.6,80
2018-04-17,4.15,3.71,3.71,4.15,3.83,20
2018-04-18,4.05,4.0,4.05,4.0,3.69,90
2018-04-19,4.0,3.9,4.0,3.91,3.61,10460
2018-04-20,4.0,4.0,4.0,4.0,3.69,10
2018-04-23,3.9,3.72,3.75,3.9,3.6,5610
2018-04-24,4.0,4.0,4.0,4.0,3.69,50
2018-04-26,4.0,3.72,3.72,4.0,3.69,8290
2018-04-27,4.2,3.77,4.2,3.99,3.68,360
2018-05-02,4.26,3.8,3.99,4.25,3.92,40
2018-05-03,3.96,3.96,3.96,3.96,3.65,320
2018-05-04,3.85,3.7,3.77,3.84,3.54,1950
2018-05-07,4.0,3.7,3.7,4.0,3.69,70
2018-05-08,4.0,3.72,3.72,4.0,3.69,2540
2018-05-09,3.9,3.85,3.85,3.9,3.6,1020
2018-05-10,4.0,3.82,3.82,4.0,3.69,890
2018-05-11,3.99,3.72,3.72,3.99,3.68,50
2018-05-14,3.98,3.73,3.73,3.8,3.5,4160
2018-05-15,3.88,3.8,3.8,3.88,3.58,540
2018-05-16,3.88,3.88,3.88,3.88,3.58,0
2018-05-17,3.88,3.88,3.88,3.88,3.58,0
2018-05-18,4.13,3.72,3.72,4.13,3.81,1010
2018-05-21,3.85,3.85,3.85,3.85,3.55,10
2018-05-22,4.0,3.76,3.76,4.0,3.69,20
2018-05-23,4.0,4.0,4.0,4.0,3.69,0
2018-05-24,3.72,3.72,3.72,3.72,3.43,3050
2018-05-25,3.8,3.8,3.8,3.8,3.5,10
2018-05-28,3.8,3.6,3.7,3.8,3.5,6200
2018-05-29,3.8,3.8,3.8,3.8,3.5,0
2018-05-30,3.89,3.89,3.89,3.89,3.59,10
2018-05-31,3.89,3.89,3.89,3.89,3.59,0
2018-06-01,3.89,3.89,3.89,3.89,3.59,0
2018-06-04,3.86,3.62,3.62,3.86,3.56,30
2018-06-05,3.86,3.86,3.86,3.86,3.56,0
2018-06-06,3.86,3.86,3.86,3.86,3.56,0
2018-06-07,3.9,3.6,3.61,3.9,3.6,2210
2018-06-08,4.17,3.65,3.7,3.65,3.37,19060
2018-06-11,3.88,3.88,3.88,3.88,3.58,10
2018-06-12,3.9,3.9,3.9,3.9,3.6,10
2018-06-13,3.9,3.9,3.9,3.9,3.6,0
2018-06-14,3.9,3.9,3.9,3.9,3.6,0
2018-06-15,3.88,3.88,3.88,3.88,3.58,50
2018-06-18,3.84,3.61,3.84,3.8,3.5,3520
2018-06-19,3.8,3.8,3.8,3.8,3.5,0
2018-06-20,3.8,3.8,3.8,3.8,3.5,0
2018-06-21,3.6,3.6,3.6,3.6,3.32,10
2018-06-22,3.6,3.6,3.6,3.6,3.32,0
2018-06-25,3.8,3.8,3.8,3.8,3.5,10
2018-06-26,3.61,3.6,3.61,3.6,3.32,3390
2018-06-27,3.6,3.6,3.6,3.6,3.32,0
2018-06-28,3.82,3.82,3.82,3.82,3.52,20
2018-06-29,3.6,3.6,3.6,3.6,3.32,5000
2018-07-02,3.7,3.5,3.5,3.7,3.41,2210
2018-07-03,3.5,3.5,3.5,3.5,3.23,710
2018-07-04,3.5,3.5,3.5,3.5,3.23,0
2018-07-05,3.5,3.5,3.5,3.5,3.23,0
2018-07-06,3.69,3.69,3.69,3.69,3.4,10
2018-07-09,3.69,3.65,3.69,3.65,3.37,9010
2018-07-10,3.65,3.65,3.65,3.65,3.37,0
2018-07-11,3.79,3.79,3.79,3.79,3.49,10
2018-07-12,3.55,3.54,3.55,3.55,3.27,3100
2018-07-13,3.78,3.78,3.78,3.78,3.49,10
2018-07-16,3.75,3.75,3.75,3.75,3.46,170
2018-07-17,3.99,3.75,3.99,3.75,3.46,20
2018-07-18,3.75,3.75,3.75,3.75,3.46,0
2018-07-19,3.75,3.75,3.75,3.75,3.46,0
2018-07-20,3.75,3.75,3.75,3.75,3.46,0
2018-07-23,3.75,3.75,3.75,3.75,3.46,0
2018-07-24,3.75,3.75,3.75,3.75,3.46,4500
2018-07-25,3.75,3.75,3.75,3.75,3.46,0
2018-07-26,3.7,3.7,3.7,3.7,3.41,800
2018-07-27,3.75,3.75,3.75,3.75,3.46,100
2018-07-30,3.75,3.75,3.75,3.75,3.46,0
2018-07-31,3.7,3.65,3.65,3.65,3.37,130
2018-08-01,3.65,3.65,3.65,3.65,3.37,0
2018-08-02,3.65,3.65,3.65,3.65,3.37,1630
2018-08-03,3.65,3.65,3.65,3.65,3.37,900
2018-08-06,3.65,3.65,3.65,3.65,3.37,0
2018-08-07,3.65,3.65,3.65,3.65,3.37,0
2018-08-08,3.65,3.65,3.65,3.65,3.37,0
2018-08-09,3.65,3.65,3.65,3.65,3.37,0
2018-08-10,3.65,3.65,3.65,3.65,3.37,0
2018-08-13,3.88,3.6,3.6,3.88,3.58,40
2018-08-14,3.8,3.7,3.8,3.7,3.41,160
2018-08-15,3.7,3.7,3.7,3.7,3.41,0
2018-08-16,3.7,3.7,3.7,3.7,3.41,0
2018-08-17,3.85,3.85,3.85,3.85,3.55,10
2018-08-20,3.85,3.85,3.85,3.85,3.55,0
2018-08-21,3.85,3.85,3.85,3.85,3.55,120
2018-08-22,3.85,3.85,3.85,3.85,3.55,0
2018-08-23,3.99,3.85,3.85,3.99,3.68,50
2018-08-24,3.99,3.99,3.99,3.99,3.68,0
2018-08-27,3.99,3.99,3.99,3.99,3.68,0
2018-08-28,3.99,3.99,3.99,3.99,3.68,0
2018-08-29,3.99,3.99,3.99,3.99,3.68,0
2018-08-30,3.99,3.99,3.99,3.99,3.68,0
2018-08-31,3.99,3.99,3.99,3.99,3.68,0
2018-09-04,3.99,3.99,3.99,3.99,3.68,10
2018-09-05,3.99,3.99,3.99,3.99,3.68,0
2018-09-06,3.99,3.99,3.99,3.99,3.68,300
2018-09-07,3.99,3.99,3.99,3.99,3.68,100
2018-09-10,3.99,3.99,3.99,3.99,3.68,80
2018-09-11,3.8,3.72,3.8,3.72,3.43,3110
2018-09-12,3.72,3.72,3.72,3.72,3.43,0
2018-09-13,3.9,3.9,3.9,3.9,3.6,1000
2018-09-14,3.9,3.9,3.9,3.9,3.6,0
2018-09-17,3.9,3.9,3.9,3.9,3.6,0
2018-09-18,3.9,3.9,3.9,3.9,3.6,100
2018-09-19,3.9,3.9,3.9,3.9,3.6,550
2018-09-20,3.9,3.9,3.9,3.9,3.6,0
2018-09-21,3.65,3.65,3.65,3.65,3.37,1420
2018-09-24,3.8,3.75,3.79,3.75,3.46,2140
2018-09-25,3.98,3.75,3.98,3.98,3.67,20
2018-09-26,3.71,3.71,3.71,3.71,3.42,300
2018-09-27,3.85,3.85,3.85,3.85,3.55,80
2018-09-28,3.65,3.65,3.65,3.65,3.37,3830
2018-10-01,3.8,3.8,3.8,3.8,3.5,180
2018-10-02,3.7,3.7,3.7,3.7,3.41,120
2018-10-03,3.8,3.7,3.8,3.7,3.41,940
2018-10-04,3.7,3.7,3.7,3.7,3.41,0
2018-10-05,3.7,3.7,3.7,3.7,3.41,20
2018-10-08,3.7,3.7,3.7,3.7,3.41,20
2018-10-09,3.7,3.7,3.7,3.7,3.41,0
2018-10-10,3.7,3.7,3.7,3.7,3.41,0
2018-10-11,3.7,3.7,3.7,3.7,3.41,0
2018-10-12,3.9,3.9,3.9,3.9,3.6,10
2018-10-15,3.9,3.9,3.9,3.9,3.6,0
2018-10-16,3.9,3.9,3.9,3.9,3.6,0
2018-10-17,3.9,3.9,3.9,3.9,3.6,0
2018-10-18,3.9,3.9,3.9,3.9,3.6,0
2018-10-19,3.9,3.9,3.9,3.9,3.6,0
2018-10-22,3.9,3.9,3.9,3.9,3.6,0
2018-10-23,3.9,3.9,3.9,3.9,3.6,0
2018-10-24,4.0,3.63,4.0,3.63,3.35,2310
2018-10-25,3.88,3.88,3.88,3.88,3.58,1450
2018-10-26,3.88,3.88,3.88,3.88,3.58,0
2018-10-29,3.61,3.61,3.61,3.61,3.33,10
2018-10-30,3.85,3.85,3.85,3.85,3.55,30
2018-10-31,3.85,3.85,3.85,3.85,3.55,0
2018-11-01,3.85,3.85,3.85,3.85,3.55,0
2018-11-02,3.59,3.59,3.59,3.59,3.31,300
2018-11-05,3.59,3.59,3.59,3.59,3.31,0
2018-11-06,3.59,3.59,3.59,3.59,3.31,0
2018-11-07,3.59,3.59,3.59,3.59,3.31,0
2018-11-08,3.59,3.59,3.59,3.59,3.31,0
2018-11-09,3.35,3.35,3.35,3.35,3.09,1000
2018-11-12,3.58,3.58,3.58,3.58,3.3,60
2018-11-13,3.58,3.58,3.58,3.58,3.3,50
2018-11-14,3.58,3.58,3.58,3.58,3.3,0
2018-11-15,3.58,3.58,3.58,3.58,3.3,0
2018-11-16,3.83,3.65,3.65,3.83,3.53,1720
2018-11-19,3.83,3.83,3.83,3.83,3.53,0
2018-11-20,4.0,3.85,3.85,4.0,3.69,20
2018-11-21,4.0,4.0,4.0,4.0,3.69,0
2018-11-22,4.0,4.0,4.0,4.0,3.69,0
2018-11-23,4.0,4.0,4.0,4.0,3.69,0
2018-11-26,4.0,4.0,4.0,4.0,3.69,0
2018-11-27,3.72,3.72,3.72,3.72,3.43,200
2018-11-28,3.72,3.72,3.72,3.72,3.43,0
2018-11-29,3.5,3.5,3.5,3.5,3.23,3360
2018-11-30,3.74,3.74,3.74,3.74,3.45,10
2018-12-03,3.74,3.74,3.74,3.74,3.45,0
2018-12-04,3.74,3.74,3.74,3.74,3.45,0
2018-12-05,3.74,3.74,3.74,3.74,3.45,50
2018-12-06,3.74,3.74,3.74,3.74,3.45,0
2018-12-07,3.88,3.49,3.5,3.88,3.58,4510
2018-12-10,3.88,3.88,3.88,3.88,3.58,0
2018-12-11,3.88,3.88,3.88,3.88,3.58,0
2018-12-12,3.88,3.88,3.88,3.88,3.58,0
2018-12-13,3.65,3.61,3.61,3.65,3.37,230
2018-12-14,3.65,3.65,3.65,3.65,3.37,100
2018-12-17,3.65,3.65,3.65,3.65,3.37,0
2018-12-18,3.65,3.65,3.65,3.65,3.37,0
2018-12-19,3.65,3.65,3.65,3.65,3.37,0
2018-12-20,3.6,3.6,3.6,3.6,3.32,70
2018-12-21,3.6,3.6,3.6,3.6,3.32,0
2018-12-24,3.6,3.6,3.6,3.6,3.32,0
2018-12-25,3.6,3.6,3.6,3.6,3.32,0
2018-12-26,3.6,3.6,3.6,3.6,3.32,0
2018-12-27,3.6,3.6,3.6,3.6,3.32,0
2018-12-28,3.6,3.6,3.6,3.6,3.32,650
2019-01-02,3.6,3.6,3.6,3.6,3.32,170
2019-01-03,3.6,3.6,3.6,3.6,3.32,0
2019-01-04,3.85,3.36,3.6,3.85,3.55,7790
2019-01-07,3.85,3.85,3.85,3.85,3.55,0
2019-01-08,3.79,3.59,3.59,3.79,3.79,30
2019-01-09,3.79,3.79,3.79,3.79,3.79,0
2019-01-10,3.53,3.53,3.53,3.53,3.53,200
2019-01-11,3.53,3.53,3.53,3.53,3.53,0
2019-01-14,3.53,3.53,3.53,3.53,3.53,0
2019-01-15,3.53,3.53,3.53,3.53,3.53,0
2019-01-16,3.67,3.35,3.67,3.67,3.67,920
2019-01-17,3.42,3.42,3.42,3.42,3.42,460
2019-01-18,3.65,3.65,3.65,3.65,3.65,10
2019-01-21,3.65,3.65,3.65,3.65,3.65,0
2019-01-22,3.45,3.45,3.45,3.45,3.45,100
2019-01-23,3.68,3.25,3.25,3.68,3.68,110
2019-01-24,3.68,3.68,3.68,3.68,3.68,0
2019-01-25,3.68,3.68,3.68,3.68,3.68,0
2019-01-28,3.44,3.44,3.44,3.44,3.44,100
2019-01-29,3.68,3.68,3.68,3.68,3.68,110
2019-01-30,3.68,3.68,3.68,3.68,3.68,0
2019-01-31,3.68,3.68,3.68,3.68,3.68,0
2019-02-01,3.68,3.68,3.68,3.68,3.68,0
2019-02-11,3.68,3.68,3.68,3.68,3.68,0
2019-02-12,3.43,3.43,3.43,3.43,3.43,40
2019-02-13,3.43,3.43,3.43,3.43,3.43,0
2019-02-14,3.43,3.43,3.43,3.43,3.43,0
2019-02-15,3.67,3.19,3.19,3.67,3.67,60
2019-02-18,3.88,3.88,3.88,3.88,3.88,10
2019-02-19,3.86,3.7,3.86,3.7,3.7,800
2019-02-20,3.79,3.79,3.79,3.79,3.79,10
2019-02-21,3.79,3.79,3.79,3.79,3.79,0
2019-02-22,3.8,3.8,3.8,3.8,3.8,10
2019-02-25,3.8,3.8,3.8,3.8,3.8,0
2019-02-26,3.54,3.54,3.54,3.54,3.54,10
2019-02-27,3.6,3.54,3.6,3.6,3.6,1530
2019-02-28,3.65,3.65,3.65,3.65,3.65,10
2019-03-01,3.65,3.65,3.65,3.65,3.65,0
2019-03-04,3.78,3.78,3.78,3.78,3.78,100
2019-03-05,3.78,3.78,3.78,3.78,3.78,210
2019-03-06,3.6,3.6,3.6,3.6,3.6,1350
2019-03-07,3.66,3.5,3.66,3.6,3.6,1270
2019-03-08,3.45,3.45,3.45,3.45,3.45,1000
2019-03-11,3.65,3.52,3.52,3.65,3.65,510
2019-03-12,3.65,3.65,3.65,3.65,3.65,0
2019-03-13,3.55,3.5,3.55,3.5,3.5,11090
2019-03-14,3.55,3.55,3.55,3.55,3.55,10
2019-03-15,3.6,3.5,3.6,3.6,3.6,1910
2019-03-18,3.6,3.5,3.6,3.5,3.5,1450
2019-03-19,3.5,3.5,3.5,3.5,3.5,1000
2019-03-20,3.5,3.5,3.5,3.5,3.5,0
2019-03-21,3.5,3.5,3.5,3.5,3.5,0
2019-03-22,3.5,3.5,3.5,3.5,3.5,0
2019-03-25,3.5,3.5,3.5,3.5,3.5,0
2019-03-26,3.5,3.5,3.5,3.5,3.5,0
2019-03-27,3.55,3.55,3.55,3.55,3.55,10
2019-03-28,3.55,3.55,3.55,3.55,3.55,0
2019-03-29,3.5,3.5,3.5,3.5,3.5,1000
2019-04-01,3.5,3.5,3.5,3.5,3.5,0
2019-04-02,3.5,3.4,3.4,3.4,3.4,1130
2019-04-03,3.4,3.4,3.4,3.4,3.4,0
2019-04-04,3.4,3.4,3.4,3.4,3.4,0
2019-04-05,3.5,3.5,3.5,3.5,3.5,10
2019-04-08,3.3,3.3,3.3,3.3,3.3,1450
2019-04-09,3.4,3.1,3.1,3.3,3.3,6100
2019-04-10,3.53,3.3,3.53,3.3,3.3,370
2019-04-11,3.53,3.53,3.53,3.53,3.53,900
2019-04-12,3.53,3.3,3.53,3.3,3.3,250
2019-04-16,3.3,3.3,3.3,3.3,3.3,0
2019-04-17,3.45,3.35,3.35,3.45,3.45,2000
2019-04-18,3.3,3.3,3.3,3.3,3.3,10
2019-04-19,3.3,3.3,3.3,3.3,3.3,6800
2019-04-22,3.3,3.3,3.3,3.3,3.3,5220
2019-04-23,3.5,3.07,3.07,3.5,3.5,1910
2019-04-24,3.5,3.5,3.5,3.5,3.5,0
2019-04-25,3.5,3.5,3.5,3.5,3.5,0
2019-04-26,3.5,3.5,3.5,3.5,3.5,0
2019-05-02,3.44,3.44,3.44,3.44,3.44,10
2019-05-03,3.44,3.44,3.44,3.44,3.44,0
2019-05-06,3.44,3.44,3.44,3.44,3.44,0
2019-05-07,3.2,3.2,3.2,3.2,3.2,10
2019-05-08,3.41,3.41,3.41,3.41,3.41,10
2019-05-09,3.41,3.41,3.41,3.41,3.41,0
2019-05-10,3.4,3.2,3.2,3.4,3.4,5560
2019-05-13,3.18,3.18,3.18,3.18,3.18,410
2019-05-14,3.0,2.99,3.0,2.99,2.99,200
2019-05-15,3.19,3.19,3.19,3.19,3.19,140
2019-05-16,3.4,2.99,3.0,3.4,3.4,4910
2019-05-17,3.4,3.4,3.4,3.4,3.4,200
2019-05-20,3.47,3.17,3.47,3.39,3.39,60
2019-05-21,3.16,3.16,3.16,3.16,3.16,11510
2019-05-22,3.25,3.0,3.25,3.25,3.25,20
2019-05-23,3.25,3.04,3.25,3.04,3.04,220
2019-05-24,3.04,3.04,3.04,3.04,3.04,10
2019-05-27,3.04,3.04,3.04,3.04,3.04,0
2019-05-28,3.19,3.1,3.1,3.19,3.19,520
2019-05-29,3.3,2.97,3.26,2.97,2.97,290
2019-05-30,3.17,3.16,3.17,3.17,3.17,460
2019-05-31,3.17,3.17,3.17,3.17,3.17,0
2019-06-03,3.19,2.96,2.96,3.19,3.19,40
2019-06-04,3.27,3.27,3.27,3.27,3.27,7800
2019-06-05,3.27,3.27,3.27,3.27,3.27,700
2019-06-06,3.27,3.27,3.27,3.27,3.27,10
2019-06-07,3.27,3.27,3.27,3.27,3.27,0
2019-06-10,3.27,3.27,3.27,3.27,3.27,0
2019-06-11,3.05,3.05,3.05,3.05,3.05,80
2019-06-12,2.9,2.84,2.9,2.84,2.84,500
2019-06-13,3.0,3.0,3.0,3.0,3.0,220
2019-06-14,3.12,3.12,3.12,3.12,3.12,10
2019-06-17,2.92,2.91,2.92,2.91,2.91,90
2019-06-18,2.8,2.8,2.8,2.8,2.8,10
2019-06-19,2.99,2.99,2.99,2.99,2.99,200
2019-06-20,3.0,2.99,2.99,3.0,3.0,690
2019-06-21,2.83,2.83,2.83,2.83,2.83,10
2019-06-24,3.02,3.02,3.02,3.02,3.02,10
2019-06-25,3.02,3.02,3.02,3.02,3.02,0
2019-06-26,3.02,3.02,3.02,3.02,3.02,0
2019-06-27,2.84,2.84,2.84,2.84,2.84,10
2019-06-28,2.84,2.69,2.69,2.69,2.69,20
2019-07-01,2.87,2.8,2.87,2.87,2.87,70
2019-07-02,2.87,2.87,2.87,2.87,2.87,0
2019-07-03,2.88,2.69,2.88,2.69,2.69,110
2019-07-04,2.87,2.87,2.87,2.87,2.87,20
2019-07-05,2.73,2.73,2.73,2.73,2.73,10
2019-07-08,2.73,2.73,2.73,2.73,2.73,0
2019-07-09,2.92,2.92,2.92,2.92,2.92,5530
2019-07-10,3.09,2.81,2.81,3.09,3.09,20
2019-07-11,2.88,2.88,2.88,2.88,2.88,100
2019-07-12,3.08,2.8,3.08,2.8,2.8,23490
2019-07-15,2.8,2.8,2.8,2.8,2.8,0
2019-07-16,2.7,2.7,2.7,2.7,2.7,20
2019-07-17,2.7,2.7,2.7,2.7,2.7,0
2019-07-18,2.88,2.6,2.6,2.88,2.88,130
2019-07-19,3.08,3.06,3.08,3.08,3.08,5000
2019-07-22,3.29,2.87,2.87,3.29,3.29,32000
2019-07-23,3.06,3.06,3.06,3.06,3.06,5830
2019-07-24,3.07,3.07,3.07,3.07,3.07,10
2019-07-25,3.07,2.86,3.07,3.07,3.07,2300
2019-07-26,2.9,2.9,2.9,2.9,2.9,260
2019-07-29,3.0,2.9,3.0,2.9,2.9,20
2019-07-30,2.9,2.9,2.9,2.9,2.9,190
2019-07-31,2.85,2.7,2.85,2.7,2.7,2200
2019-08-01,2.7,2.56,2.7,2.7,2.7,390
2019-08-02,2.87,2.54,2.54,2.87,2.87,870
2019-08-05,2.87,2.87,2.87,2.87,2.87,0
2019-08-06,2.88,2.67,2.67,2.88,2.88,820
2019-08-07,3.07,2.9,2.9,3.07,3.07,100
2019-08-08,3.06,2.86,2.86,3.06,3.06,550
2019-08-09,3.09,2.85,2.85,3.05,3.05,50
2019-08-12,2.84,2.84,2.84,2.84,2.84,10
2019-08-13,2.9,2.71,2.9,2.8,2.8,130
2019-08-14,2.98,2.61,2.61,2.72,2.72,30
2019-08-15,2.61,2.61,2.61,2.61,2.61,30
2019-08-16,2.78,2.78,2.78,2.78,2.78,20
2019-08-19,2.95,2.6,2.6,2.7,2.7,130
2019-08-20,2.88,2.88,2.88,2.88,2.88,10
2019-08-21,3.02,2.7,2.71,2.7,2.7,7010
2019-08-22,2.83,2.7,2.82,2.83,2.83,40
2019-08-23,3.0,2.72,3.0,2.99,2.99,3320
2019-08-26,3.04,2.79,3.04,2.79,2.79,9090
2019-08-27,2.9,2.7,2.7,2.9,2.9,30
2019-08-28,2.99,2.7,2.7,2.99,2.99,3020
2019-08-29,3.05,2.79,3.04,3.04,3.04,1630
2019-08-30,2.99,2.83,2.83,2.99,2.99,3010
2019-09-03,3.17,2.79,3.17,2.79,2.79,1050
2019-09-04,2.68,2.68,3.17,2.68,2.68,130
2019-09-05,2.86,2.55,2.55,2.86,2.86,650
2019-09-06,2.66,2.66,2.66,2.66,2.66,10
2019-09-09,2.83,2.75,2.75,2.83,2.83,100
2019-09-10,2.82,2.64,2.75,2.64,2.64,420
2019-09-11,2.82,2.6,2.6,2.82,2.82,2000
2019-09-12,2.9,2.79,2.9,2.79,2.79,350
2019-09-13,2.98,2.7,2.7,2.98,2.98,170
2019-09-16,3.0,3.0,2.7,3.0,3.0,10
2019-09-17,3.05,3.0,3.0,3.05,3.05,6800
2019-09-18,3.1,3.04,3.05,3.1,3.1,3010
2019-09-19,3.15,3.0,3.0,3.0,3.0,2270
2019-09-20,3.2,3.0,3.1,3.2,3.2,10000
2019-09-23,3.42,3.2,3.2,3.42,3.42,14110
2019-09-24,3.5,3.42,3.5,3.42,3.42,310
2019-09-25,3.4,3.2,3.2,3.4,3.4,2790
2019-09-26,3.49,3.18,3.49,3.49,3.49,17320
2019-09-27,3.49,3.25,3.49,3.25,3.25,2580
2019-09-30,3.47,3.05,3.4,3.4,3.4,510
2019-10-01,3.5,3.5,3.5,3.5,3.5,300
2019-10-02,3.5,3.5,3.5,3.5,3.5,0
2019-10-03,3.35,3.26,3.26,3.26,3.26,930
2019-10-04,3.3,3.05,3.3,3.05,3.05,9950
2019-10-07,3.26,3.05,3.05,3.26,3.26,2410
2019-10-08,3.26,3.26,3.26,3.26,3.26,0
2019-10-09,3.4,3.04,3.4,3.04,3.04,21300
2019-10-10,3.25,3.05,3.2,3.05,3.05,3480
2019-10-11,3.26,3.26,3.26,3.26,3.26,300
2019-10-14,3.48,3.04,3.41,3.25,3.25,28680
2019-10-15,3.47,3.45,3.45,3.47,3.47,730
2019-10-16,3.71,3.47,3.71,3.47,3.47,1110
2019-10-17,3.4,3.4,3.4,3.4,3.4,230
2019-10-18,3.63,3.4,3.4,3.63,3.63,140
2019-10-21,3.88,3.4,3.88,3.4,3.4,310
2019-10-22,3.62,3.31,3.62,3.31,3.31,5370
2019-10-23,3.11,3.11,3.11,3.11,3.11,50
2019-10-24,3.32,3.32,3.32,3.32,3.32,10
2019-10-25,3.55,3.15,3.55,3.54,3.54,20790
2019-10-28,3.77,3.3,3.77,3.3,3.3,4330
2019-10-29,3.53,3.53,3.53,3.53,3.53,110
2019-10-30,3.77,3.3,3.77,3.3,3.3,60
2019-10-31,3.53,3.5,3.5,3.53,3.53,4800
2019-11-01,3.31,3.31,3.31,3.31,3.31,4430
2019-11-04,3.54,3.54,3.54,3.54,3.54,100
2019-11-05,3.77,3.77,3.77,3.77,3.77,80
2019-11-06,4.03,3.56,3.7,3.56,3.56,9060
2019-11-07,3.8,3.55,3.55,3.55,3.55,28230
2019-11-08,3.79,3.45,3.79,3.55,3.55,3250
2019-11-11,3.5,3.43,3.5,3.43,3.43,1110
2019-11-12,3.6,3.2,3.2,3.43,3.43,350
2019-11-13,3.67,3.19,3.67,3.19,3.19,1860
2019-11-14,3.2,3.2,3.2,3.2,3.2,193060
2019-11-15,3.42,3.42,3.42,3.42,3.42,20
2019-11-18,3.65,3.3,3.65,3.65,3.65,87390
2019-11-19,3.9,3.7,3.7,3.9,3.9,37540
2019-11-20,4.17,4.0,4.0,4.17,4.17,103610
2019-11-21,4.46,4.43,4.43,4.46,4.46,89600
2019-11-22,4.71,4.15,4.71,4.17,4.17,23360
2019-11-25,4.46,4.01,4.46,4.12,4.12,14170
2019-11-26,4.4,4.12,4.12,4.12,4.12,22150
2019-11-27,4.38,3.85,4.12,3.85,3.85,10510
2019-11-28,4.1,3.6,4.1,3.9,3.9,19490
2019-11-29,4.1,3.91,4.0,4.1,4.1,5670
2019-12-02,4.3,3.91,3.91,4.3,4.3,610
2019-12-03,4.03,4.0,4.0,4.02,4.02,8160
2019-12-04,4.02,3.9,4.01,3.93,3.93,10310
2019-12-05,4.1,3.93,3.93,3.93,3.93,6900
2019-12-06,4.1,3.93,3.93,3.93,3.93,6590
2019-12-09,3.93,3.93,3.93,3.93,3.93,0
2019-12-10,3.7,3.67,3.7,3.67,3.67,6880
2019-12-11,3.92,3.91,3.91,3.92,3.92,14790
2019-12-12,4.19,3.8,4.19,3.8,3.8,110
2019-12-13,4.0,3.55,3.55,4.0,4.0,7670
2019-12-16,4.0,3.72,4.0,3.72,3.72,100
2019-12-17,3.9,3.5,3.5,3.6,3.6,5430
2019-12-18,3.85,3.36,3.36,3.8,3.8,3090
2019-12-19,3.9,3.6,3.9,3.6,3.6,2100
2019-12-20,3.84,3.6,3.78,3.6,3.6,2010
2019-12-23,3.66,3.35,3.6,3.35,3.35,80
2019-12-24,3.5,3.2,3.5,3.2,3.2,3590
2019-12-25,3.42,3.21,3.3,3.42,3.42,2190
2019-12-26,3.65,3.23,3.5,3.23,3.23,600
2019-12-27,3.45,3.4,3.4,3.45,3.45,180
2019-12-30,3.69,3.5,3.69,3.5,3.5,1220
2019-12-31,3.74,3.26,3.74,3.26,3.26,32840
2020-01-02,3.48,3.48,3.48,3.48,3.48,1360
2020-01-03,3.52,3.52,3.52,3.52,3.52,2000
2020-01-06,3.3,3.29,3.3,3.29,3.29,4500
2020-01-07,3.48,3.15,3.3,3.48,3.48,6100
2020-01-08,3.48,3.48,3.48,3.48,3.48,0
2020-01-09,3.48,3.48,3.48,3.48,3.48,0
2020-01-10,3.24,3.24,3.24,3.24,3.24,10
2020-01-13,3.3,3.2,3.2,3.3,3.3,4010
2020-01-14,3.3,3.3,3.3,3.3,3.3,0
2020-01-15,3.3,3.3,3.3,3.3,3.3,0
2020-01-16,3.45,3.3,3.3,3.3,3.3,7370
2020-01-17,3.3,3.3,3.3,3.3,3.3,0
2020-01-20,3.3,3.3,3.3,3.3,3.3,0
2020-01-21,3.3,3.3,3.3,3.3,3.3,1240
2020-01-22,3.4,3.3,3.4,3.3,3.3,490
2020-01-30,3.3,3.3,3.3,3.3,3.3,0
2020-01-31,3.1,3.07,3.1,3.07,3.07,2500
2020-02-03,3.24,2.87,3.24,3.24,3.24,460
2020-02-04,3.2,3.2,3.2,3.2,3.2,200
2020-02-05,3.29,3.29,3.29,3.29,3.29,10
2020-02-06,3.44,3.06,3.06,3.44,3.44,2650
2020-02-07,3.64,3.64,3.64,3.64,3.64,10
2020-02-10,3.84,3.39,3.84,3.39,3.39,11150
2020-02-11,3.16,3.16,3.16,3.16,3.16,80
2020-02-12,3.0,3.0,3.0,3.0,3.0,1210
2020-02-13,3.2,3.0,3.0,3.01,3.01,3140
2020-02-14,3.0,2.86,2.86,3.0,3.0,20
2020-02-17,3.0,3.0,3.0,3.0,3.0,0
2020-02-18,3.0,3.0,3.0,3.0,3.0,0
2020-02-19,3.0,3.0,3.0,3.0,3.0,0
2020-02-20,3.21,3.21,3.21,3.21,3.21,10
2020-02-21,3.21,3.21,3.21,3.21,3.21,0
2020-02-24,3.1,3.1,3.1,3.1,3.1,5200
2020-02-25,3.1,3.1,3.1,3.1,3.1,5000
2020-02-26,2.9,2.9,2.9,2.9,2.9,7650
2020-02-27,3.1,2.85,3.1,2.85,2.85,7050
2020-02-28,3.04,2.7,2.7,3.04,3.04,20
2020-03-02,3.2,2.91,2.91,3.2,3.2,250
2020-03-03,3.1,3.01,3.01,3.1,3.1,640
2020-03-04,3.1,3.1,3.1,3.1,3.1,0
2020-03-05,3.1,3.1,3.1,3.1,3.1,820
2020-03-06,3.1,3.0,3.0,3.1,3.1,910
2020-03-09,2.9,2.9,2.9,2.9,2.9,200
2020-03-10,3.1,3.1,3.1,3.1,3.1,10
2020-03-11,3.1,3.1,3.1,3.1,3.1,0
2020-03-12,3.1,3.1,3.1,3.1,3.1,0
2020-03-13,3.0,2.89,2.9,2.89,2.89,830
2020-03-16,2.89,2.89,2.89,2.89,2.89,0
2020-03-17,2.89,2.89,2.89,2.89,2.89,0
2020-03-18,2.89,2.85,2.89,2.85,2.85,150
2020-03-19,2.85,2.85,2.85,2.85,2.85,0
2020-03-20,3.04,3.04,3.04,3.04,3.04,10
2020-03-23,2.9,2.83,2.83,2.9,2.9,4720
2020-03-24,2.7,2.7,2.7,2.7,2.7,10
2020-03-25,2.88,2.52,2.52,2.88,2.88,20
2020-03-26,2.7,2.68,2.68,2.7,2.7,2830
2020-03-27,2.88,2.88,2.88,2.88,2.88,10
2020-03-30,3.05,2.7,3.05,2.7,2.7,1510
2020-03-31,2.88,2.53,2.53,2.88,2.88,2260
2020-04-01,2.68,2.68,2.68,2.68,2.68,10
2020-04-03,2.86,2.5,2.5,2.55,2.55,2080
2020-04-06,2.7,2.7,2.7,2.7,2.7,3220
2020-04-07,2.88,2.8,2.88,2.88,2.88,3020
2020-04-08,3.08,2.68,3.08,3.0,3.0,6940
2020-04-09,3.2,2.79,3.2,2.95,2.95,150
2020-04-10,3.15,2.75,3.15,3.0,3.0,5370
2020-04-13,2.8,2.79,2.79,2.79,2.79,17460
2020-04-14,2.6,2.6,2.6,2.6,2.6,20
2020-04-15,2.6,2.6,2.6,2.6,2.6,0
2020-04-16,2.78,2.6,2.6,2.78,2.78,3310
2020-04-17,2.78,2.78,2.78,2.78,2.78,0
2020-04-20,2.96,2.6,2.6,2.78,2.78,2090
2020-04-21,2.96,2.59,2.7,2.96,2.96,19560
2020-04-22,2.96,2.96,2.96,2.96,2.96,0
2020-04-23,2.96,2.96,2.96,2.96,2.96,0
2020-04-24,3.09,2.77,3.09,2.77,2.77,2080
2020-04-27,2.95,2.58,2.58,2.58,2.58,53540
2020-04-28,2.7,2.4,2.7,2.4,2.4,78010
2020-04-29,2.56,2.26,2.56,2.56,2.56,2170
2020-05-04,2.7,2.56,2.7,2.6,2.6,10550
2020-05-05,2.45,2.42,2.42,2.42,2.42,13340
2020-05-06,2.5,2.5,2.5,2.5,2.5,10
2020-05-07,2.5,2.4,2.49,2.4,2.4,11010
2020-05-08,2.47,2.3,2.45,2.3,2.3,5510
2020-05-11,2.45,2.44,2.44,2.44,2.44,22630
2020-05-12,2.45,2.3,2.44,2.44,2.44,15960
2020-05-13,2.44,2.36,2.36,2.4,2.4,2720
2020-05-14,2.54,2.32,2.54,2.45,2.45,10260
2020-05-15,2.45,2.45,2.45,2.45,2.45,0
2020-05-18,2.44,2.32,2.32,2.4,2.4,1150
2020-05-19,2.4,2.35,2.4,2.4,2.4,3120
2020-05-20,2.4,2.4,2.4,2.4,2.4,0
2020-05-21,2.39,2.31,2.38,2.39,2.39,5460
2020-05-22,2.39,2.33,2.39,2.33,2.33,500
2020-05-25,2.41,2.34,2.34,2.4,2.4,16250
2020-05-26,2.4,2.3,2.4,2.3,2.3,46220
2020-05-27,2.35,2.3,2.3,2.35,2.35,800
2020-05-28,2.4,2.19,2.19,2.38,2.38,14050
2020-05-29,2.38,2.22,2.38,2.29,2.29,9960
2020-06-01,2.39,2.29,2.29,2.38,2.38,28880
2020-06-02,2.38,2.29,2.38,2.32,2.32,7980
2020-06-03,2.32,2.28,2.29,2.28,2.28,38780
2020-06-04,2.3,2.13,2.25,2.13,2.13,195090
2020-06-05,2.27,2.25,2.26,2.27,2.27,11560
2020-06-08,2.42,2.42,2.42,2.42,2.42,69730
2020-06-09,2.52,2.42,2.45,2.52,2.52,54180
2020-06-10,2.58,2.52,2.58,2.57,2.57,33440
2020-06-11,2.74,2.57,2.57,2.7,2.7,82430
2020-06-12,2.55,2.52,2.52,2.55,2.55,28200
2020-06-15,2.62,2.47,2.55,2.47,2.47,2910
2020-06-16,2.57,2.3,2.4,2.57,2.57,55410
2020-06-17,2.6,2.4,2.47,2.6,2.6,1150
2020-06-18,2.6,2.42,2.6,2.45,2.45,10540
2020-06-19,2.5,2.3,2.45,2.35,2.35,23370
2020-06-22,2.47,2.3,2.35,2.44,2.44,5220
2020-06-23,2.52,2.4,2.4,2.45,2.45,18960
2020-06-24,2.46,2.4,2.45,2.46,2.46,3830
2020-06-25,2.37,2.36,2.37,2.36,2.36,1470
2020-06-26,2.36,2.3,2.36,2.36,2.36,8830
2020-06-29,2.36,2.34,2.36,2.34,2.34,5140
2020-06-30,2.5,2.26,2.3,2.45,2.45,15340
2020-07-01,2.45,2.28,2.28,2.45,2.45,2250
2020-07-02,2.35,2.35,2.35,2.35,2.35,60800
2020-07-03,2.41,2.26,2.36,2.41,2.41,120
2020-07-06,2.41,2.32,2.41,2.41,2.41,6440
2020-07-07,2.4,2.31,2.32,2.4,2.4,4390
2020-07-08,2.39,2.31,2.31,2.39,2.39,1360
2020-07-09,2.37,2.26,2.26,2.35,2.35,9930
2020-07-10,2.35,2.31,2.31,2.34,2.34,2080
2020-07-13,2.34,2.3,2.34,2.3,2.3,3080
2020-07-14,2.35,2.3,2.3,2.3,2.3,5710
2020-07-15,2.35,2.16,2.35,2.3,2.3,3850
2020-07-16,2.34,2.3,2.34,2.3,2.3,5240
2020-07-17,2.39,2.3,2.39,2.32,2.32,2280
2020-07-20,2.4,2.22,2.4,2.4,2.4,13170
2020-07-21,2.4,2.24,2.24,2.35,2.35,12680
2020-07-22,2.35,2.32,2.35,2.35,2.35,22390
2020-07-23,2.46,2.35,2.35,2.45,2.45,28960
2020-07-24,2.45,2.35,2.45,2.35,2.35,34610
2020-07-27,2.5,2.35,2.5,2.35,2.35,24520
2020-07-28,2.48,2.35,2.35,2.48,2.48,17430
2020-07-29,2.5,2.31,2.5,2.31,2.31,10960
2020-07-30,2.31,2.31,2.31,2.31,2.31,2740
2020-07-31,2.4,2.3,2.3,2.3,2.3,4330
2020-08-03,2.46,2.32,2.32,2.46,2.46,11760
2020-08-04,2.5,2.45,2.5,2.5,2.5,19250
2020-08-05,2.55,2.4,2.5,2.4,2.4,22400
2020-08-06,2.5,2.48,2.5,2.5,2.5,27390
2020-08-07,2.67,2.5,2.5,2.67,2.67,57900
2020-08-10,2.85,2.71,2.71,2.85,2.85,6780
2020-08-11,3.02,2.66,2.66,3.02,3.02,40830
2020-08-12,3.23,3.1,3.23,3.23,3.23,37330
2020-08-13,3.45,3.3,3.45,3.45,3.45,45810
2020-08-14,3.69,3.3,3.5,3.5,3.5,37710
2020-08-17,3.5,3.28,3.5,3.5,3.5,15860
2020-08-18,3.5,3.26,3.5,3.3,3.3,6070
2020-08-19,3.2,3.07,3.2,3.07,3.07,5100
2020-08-20,3.1,2.86,2.86,2.9,2.9,5130
2020-08-21,3.09,2.71,2.71,3.09,3.09,500
2020-08-24,3.3,3.1,3.1,3.2,3.2,10190
2020-08-25,3.38,3.01,3.28,3.1,3.1,1000
2020-08-26,3.17,3.01,3.1,3.01,3.01,6480
2020-08-27,3.22,2.9,2.9,3.22,3.22,17710
2020-08-28,3.44,3.4,3.41,3.44,3.44,57660
2020-08-31,3.68,3.5,3.68,3.68,3.68,48710
2020-09-01,3.93,3.82,3.9,3.93,3.93,27000
2020-09-03,4.0,3.96,4.0,3.98,3.98,29880
2020-09-04,3.98,3.71,3.71,3.9,3.9,5550
2020-09-07,4.1,3.7,3.9,3.7,3.7,2330
2020-09-08,3.9,3.7,3.9,3.8,3.8,1650
2020-09-09,3.8,3.8,3.8,3.8,3.8,1610
2020-09-10,3.95,3.8,3.8,3.92,3.92,6720
2020-09-11,3.92,3.8,3.92,3.8,3.8,3810
2020-09-14,4.0,3.6,3.6,3.9,3.9,30
2020-09-15,3.88,3.85,3.88,3.85,3.85,4270
2020-09-16,3.8,3.79,3.8,3.79,3.79,9000
2020-09-17,3.8,3.79,3.79,3.8,3.8,7380
2020-09-18,3.82,3.54,3.54,3.82,3.82,3110
2020-09-21,4.08,3.8,4.07,3.8,3.8,7530
2020-09-22,4.0,3.54,3.54,3.95,3.95,2090
2020-09-23,3.9,3.68,3.9,3.8,3.8,9470
2020-09-24,3.8,3.8,3.8,3.8,3.8,2890
2020-09-25,3.61,3.61,3.61,3.61,3.61,1500
2020-09-28,3.8,3.6,3.6,3.8,3.8,110
2020-09-29,3.8,3.8,3.8,3.8,3.8,10
2020-09-30,3.8,3.54,3.6,3.8,3.8,4060
2020-10-01,3.7,3.6,3.7,3.7,3.7,5940
2020-10-02,3.7,3.7,3.7,3.7,3.7,0
2020-10-05,3.8,3.45,3.45,3.55,3.55,18480
2020-10-06,3.7,3.6,3.7,3.65,3.65,7160
2020-10-07,3.65,3.65,3.65,3.65,3.65,0
2020-10-08,3.75,3.42,3.6,3.75,3.75,1150
2020-10-09,3.75,3.65,3.75,3.65,3.65,1230
2020-10-12,3.65,3.65,3.65,3.65,3.65,0
2020-10-13,3.65,3.42,3.42,3.65,3.65,2860
2020-10-14,3.65,3.65,3.65,3.65,3.65,3030
2020-10-15,3.88,3.42,3.88,3.42,3.42,30
2020-10-16,3.2,3.2,3.2,3.2,3.2,20
2020-10-19,3.42,3.42,3.42,3.42,3.42,500
2020-10-20,3.65,3.65,3.65,3.65,3.65,5480
2020-10-21,3.65,3.65,3.65,3.65,3.65,0
2020-10-22,3.65,3.6,3.6,3.65,3.65,1040
2020-10-23,3.65,3.41,3.41,3.65,3.65,90
2020-10-26,3.65,3.65,3.65,3.65,3.65,0
2020-10-27,3.8,3.6,3.6,3.62,3.62,1130
2020-10-28,3.66,3.66,3.66,3.66,3.66,30
2020-10-29,3.5,3.5,3.5,3.5,3.5,180
2020-10-30,3.65,3.64,3.64,3.65,3.65,670
2020-11-02,3.7,3.7,3.7,3.7,3.7,760
2020-11-03,3.7,3.7,3.7,3.7,3.7,0
2020-11-04,3.72,3.5,3.5,3.72,3.72,30
2020-11-05,3.72,3.72,3.72,3.72,3.72,0
2020-11-06,3.73,3.46,3.46,3.7,3.7,500
2020-11-09,3.45,3.45,3.45,3.45,3.45,500
2020-11-10,3.65,3.25,3.25,3.65,3.65,6110
2020-11-11,3.65,3.65,3.65,3.65,3.65,0
2020-11-12,3.6,3.4,3.4,3.6,3.6,3020
2020-11-13,3.6,3.6,3.6,3.6,3.6,0
2020-11-16,3.6,3.4,3.4,3.6,3.6,360
2020-11-17,3.47,3.45,3.47,3.45,3.45,990
2020-11-18,3.4,3.4,3.4,3.4,3.4,3000
2020-11-19,3.35,3.35,3.35,3.35,3.35,620
2020-11-20,3.45,3.45,3.45,3.45,3.45,1940
2020-11-23,3.45,3.45,3.45,3.45,3.45,0
2020-11-24,3.3,3.3,3.3,3.3,3.3,740
2020-11-25,3.5,3.39,3.39,3.5,3.5,450
2020-11-26,3.5,3.5,3.5,3.5,3.5,400
2020-11-27,3.5,3.5,3.5,3.5,3.5,1020
2020-11-30,3.5,3.5,3.5,3.5,3.5,30
2020-12-01,3.5,3.5,3.5,3.5,3.5,10
2020-12-02,3.49,3.29,3.29,3.49,3.49,10680
2020-12-03,3.5,3.32,3.32,3.4,3.4,610
2020-12-04,3.5,3.4,3.4,3.5,3.5,3550
2020-12-07,3.6,3.45,3.5,3.5,3.5,760
2020-12-08,3.59,3.4,3.59,3.57,3.57,6120
2020-12-09,3.5,3.41,3.42,3.42,3.42,6880
2020-12-10,3.43,3.42,3.42,3.43,3.43,2010
2020-12-11,3.67,3.46,3.67,3.46,3.46,3820
2020-12-14,3.46,3.46,3.46,3.46,3.46,1220
2020-12-15,3.46,3.4,3.4,3.46,3.46,110
2020-12-16,3.47,3.36,3.36,3.47,3.47,2210
2020-12-17,3.42,3.42,3.42,3.42,3.42,1000
2020-12-18,3.47,3.47,3.47,3.47,3.47,110
2020-12-21,3.69,3.42,3.69,3.47,3.47,510
2020-12-22,3.5,3.47,3.47,3.49,3.49,10170
2020-12-23,3.6,3.49,3.5,3.51,3.51,5840
2020-12-24,3.52,3.52,3.52,3.52,3.52,500
2020-12-25,3.76,3.46,3.46,3.7,3.7,5380
2020-12-28,3.7,3.7,3.7,3.7,3.7,0
2020-12-29,3.7,3.7,3.7,3.7,3.7,0
2020-12-30,3.7,3.56,3.7,3.6,3.6,620
2020-12-31,3.7,3.5,3.7,3.7,3.7,8160
